pais_id,pais,provincia_id,provincia,departamento_id,departamento,link,sup_eap,tot_eap,tot_ha,%_siembra_directa_sup,maiz_eap,maiz_ha,sorgran_eap,sorgran_ha,trigo_eap,trigo_ha,girasol_eap,girasol_ha,soja_eap,soja_ha,soja1_eap,soja1_ha,soja2_eap,soja2_ha,forraj_eap,forraj_ha,arroz_eap,arroz_ha,algodon_eap,algodon_ha,porotos_eap,porotos_ha,otros_ha,otroscult_ha
32,Argentina,6,Buenos Aires,7,Adolfo Alsina,6007,450109.00,128,45888.5,10.19,23,2610,5,328,68,19362,50,7908.5,-1,-1,34,6062,15,3164,29,4059,-1,-1,-1,-1,-1,-1,24,2395
32,Argentina,6,Buenos Aires,14,Adolfo Gonzales Chaves,6014,302585.50,103,41929.8,13.86,12,1467,2,91,68,20477,45,8043.8,-1,-1,36,6285,6,985,26,2893,-1,-1,-1,-1,-1,-1,13,1688
32,Argentina,6,Buenos Aires,21,Alberti,6021,117296.70,209,85940.2,73.27,102,14319.4,-1,-1,134,26335.5,1,10,-1,-1,117,11377.8,156,31308.5,16,1504,-1,-1,-1,-1,-1,-1,9,1085
32,Argentina,6,Buenos Aires,28,Almirante Brown,6028,387.80,-1,-1,-1.00,-1,-1,-1,-1,-1,-1,-1,-1,-1,-1,-1,-1,-1,-1,-1,-1,-1,-1,-1,-1,-1,-1,-1,-1
32,Argentina,6,Buenos Aires,35,Avellaneda,6035,88.80,-1,-1,-1.00,-1,-1,-1,-1,-1,-1,-1,-1,-1,-1,-1,-1,-1,-1,-1,-1,-1,-1,-1,-1,-1,-1,-1,-1
32,Argentina,6,Buenos Aires,42,Ayacucho,6042,585148.80,66,6031,1.03,20,1048,-1,-1,13,1492,10,769,-1,-1,6,508,-1,-1,42,2148,-1,-1,-1,-1,-1,-1,3,66
32,Argentina,6,Buenos Aires,49,Azul,6049,685448.00,173,89121,13.00,49,8502,-1,-1,95,32216,20,3821,-1,-1,106,27749,57,9495,52,7205,-1,-1,-1,-1,-1,-1,3,133
32,Argentina,6,Buenos Aires,56,Bahia Blanca,6056,214656.50,14,6212,2.89,-1,-1,-1,-1,6,4325,-1,-1,-1,-1,-1,-1,-1,-1,10,1812,-1,-1,-1,-1,-1,-1,2,75
32,Argentina,6,Buenos Aires,63,Balcarce,6063,324689.20,105,40691,12.53,42,6120,-1,-1,52,13607.7,26,4732,-1,-1,40,9298.3,15,3630,30,2920.5,-1,-1,-1,-1,-1,-1,5,382
32,Argentina,6,Buenos Aires,70,Baradero,6070,68856.00,107,42343,61.50,44,5909,-1,-1,55,9275.2,3,247,-1,-1,76,14417.7,77,11942,8,528,-1,-1,-1,-1,-1,-1,1,24
32,Argentina,6,Buenos Aires,77,Arrecifes,6077,83411.70,124,60008,71.94,56,9487,-1,-1,49,9737,1,60,-1,-1,112,27840.5,57,12099,4,549,-1,-1,-1,-1,-1,-1,3,235
32,Argentina,6,Buenos Aires,84,Benito Juarez,6084,424063.10,65,30092,7.10,14,1681,-1,-1,38,14205,19,3502,-1,-1,26,7129,6,572,21,2888,-1,-1,-1,-1,-1,-1,4,115
32,Argentina,6,Buenos Aires,91,Berazategui,6091,2670.50,-1,-1,-1.00,-1,-1,-1,-1,-1,-1,-1,-1,-1,-1,-1,-1,-1,-1,-1,-1,-1,-1,-1,-1,-1,-1,-1,-1
32,Argentina,6,Buenos Aires,98,Berisso,6098,7325.80,-1,-1,-1.00,-1,-1,-1,-1,-1,-1,-1,-1,-1,-1,-1,-1,-1,-1,-1,-1,-1,-1,-1,-1,-1,-1,-1,-1
32,Argentina,6,Buenos Aires,105,Bolivar,6105,442143.10,85,15487,3.50,19,1496,-1,-1,15,3162.7,4,247,-1,-1,27,4009,25,4018,29,2497,-1,-1,-1,-1,-1,-1,2,57
32,Argentina,6,Buenos Aires,112,Bragado,6112,198917.30,341,94391,47.45,104,11263.5,1,37,134,21756.9,-1,-1,-1,-1,143,22347,244,33076.7,37,2808.8,-1,-1,-1,-1,-1,-1,36,3101.5
32,Argentina,6,Buenos Aires,119,Brandsen,6119,97366.30,30,3371,3.46,1,200,-1,-1,-1,-1,1,90,-1,-1,-1,-1,-1,-1,28,3081,-1,-1,-1,-1,-1,-1,-1,-1
32,Argentina,6,Buenos Aires,126,Campana,6126,46737.00,11,7073,15.13,4,533,1,200,6,1362,-1,-1,-1,-1,10,3246,8,1554,1,178,-1,-1,-1,-1,-1,-1,-1,-1
32,Argentina,6,Buenos Aires,134,Canuelas,6134,62163.80,17,4458,7.17,2,160,-1,-1,4,1192,-1,-1,-1,-1,2,400,5,2134,10,572,-1,-1,-1,-1,-1,-1,-1,-1
32,Argentina,6,Buenos Aires,140,Capitan Sarmiento,6140,39566.90,63,21021,53.13,40,4059.6,-1,-1,29,3491,-1,-1,-1,-1,44,6939,29,3241,22,2979,-1,-1,-1,-1,-1,-1,1,311
32,Argentina,6,Buenos Aires,147,Carlos Casares,6147,223281.70,151,30727,13.76,41,2800,1,170,44,5445,3,1153,-1,-1,51,6170,103,12874,14,1693,-1,-1,-1,-1,-1,-1,7,422
32,Argentina,6,Buenos Aires,154,Carlos Tejedor,6154,345380.90,114,24083,6.97,30,3151,-1,-1,17,3553,7,944,-1,-1,50,5234,51,9233,27,1798,-1,-1,-1,-1,-1,-1,1,170
32,Argentina,6,Buenos Aires,161,Carmen De Areco,6161,88477.70,67,29322,33.14,28,4362.5,1,80,24,3729,-1,-1,-1,-1,53,13505,43,6965,10,638,-1,-1,-1,-1,-1,-1,1,42
32,Argentina,6,Buenos Aires,168,Castelli,6168,148514.20,25,6185,4.16,4,1092,-1,-1,5,1425,2,156,-1,-1,7,718,4,984,17,1809.8,-1,-1,-1,-1,-1,-1,-1,-1
32,Argentina,6,Buenos Aires,175,Colon,6175,81221.60,245,46696,57.49,63,6697.5,3,57,78,9225,-1,-1,-1,-1,157,17040.1,156,13036.5,9,324,-1,-1,-1,-1,-1,-1,5,316
32,Argentina,6,Buenos Aires,182,Coronel De Marina L Rosales,6182,104612.10,7,2348,2.24,-1,-1,-1,-1,4,1295,-1,-1,-1,-1,-1,-1,-1,-1,3,948,-1,-1,-1,-1,-1,-1,2,105
32,Argentina,6,Buenos Aires,189,Coronel Dorrego,6189,544226.70,124,105040,19.30,8,969,3,1340,87,53289,48,17353,-1,-1,8,2481,5,1567,26,7516,-1,-1,-1,-1,-1,-1,49,20525
32,Argentina,6,Buenos Aires,196,Coronel Pringles,6196,473820.70,68,22954,4.84,6,727,-1,-1,48,11477.5,20,3466,-1,-1,27,4177,-1,-1,20,2770,-1,-1,-1,-1,-1,-1,4,336
32,Argentina,6,Buenos Aires,203,Coronel Suarez,6203,608597.60,206,68981,11.33,26,3901,2,82,142,32895.5,38,5744,-1,-1,106,14518,37,3112,41,4885,-1,-1,-1,-1,-1,-1,25,3843
32,Argentina,6,Buenos Aires,210,Chacabuco,6210,187538.40,255,50709,27.04,43,6126,-1,-1,42,6090,1,20,-1,-1,80,16509.5,204,21207.5,9,728,-1,-1,-1,-1,-1,-1,1,28
32,Argentina,6,Buenos Aires,217,Chascomus,6217,333768.90,83,11294,3.38,23,1995,3,133,12,1735,4,368,-1,-1,13,2554,13,1952,44,2514.5,-1,-1,-1,-1,-1,-1,2,42
32,Argentina,6,Buenos Aires,224,Chivilcoy,6224,203484.70,347,57739,28.38,58,4405,-1,-1,71,7445,2,383,-1,-1,121,12613,273,29754.3,26,1456.5,-1,-1,-1,-1,-1,-1,7,1682
32,Argentina,6,Buenos Aires,231,Daireaux,6231,303979.70,127,45200,14.87,52,7479,1,100,44,7542,26,2590,-1,-1,80,17418.7,35,5512,30,4071,-1,-1,-1,-1,-1,-1,6,487
32,Argentina,6,Buenos Aires,238,Dolores,6238,134157.40,3,1333,0.99,2,132,-1,-1,-1,-1,-1,-1,-1,-1,-1,-1,-1,-1,1,1200,-1,-1,-1,-1,-1,-1,1,1
32,Argentina,6,Buenos Aires,245,Ensenada,6245,1684.00,-1,-1,-1.00,-1,-1,-1,-1,-1,-1,-1,-1,-1,-1,-1,-1,-1,-1,-1,-1,-1,-1,-1,-1,-1,-1,-1,-1
32,Argentina,6,Buenos Aires,252,Escobar,6252,2873.00,1,612,21.30,-1,-1,-1,-1,1,15,-1,-1,-1,-1,1,85,-1,-1,1,512.3,-1,-1,-1,-1,-1,-1,-1,-1
32,Argentina,6,Buenos Aires,260,Esteban Echeverria,6260,467.20,-1,-1,-1.00,-1,-1,-1,-1,-1,-1,-1,-1,-1,-1,-1,-1,-1,-1,-1,-1,-1,-1,-1,-1,-1,-1,-1,-1
32,Argentina,6,Buenos Aires,266,Exaltacion De La Cruz,6266,45091.20,29,9586,21.26,6,852,-1,-1,6,1782,3,109,-1,-1,15,3319,15,3031,6,493,-1,-1,-1,-1,-1,-1,-1,-1
32,Argentina,6,Buenos Aires,270,Ezeiza,6270,2540.00,1,120,4.72,-1,-1,-1,-1,-1,-1,-1,-1,-1,-1,-1,-1,-1,-1,1,120,-1,-1,-1,-1,-1,-1,-1,-1
32,Argentina,6,Buenos Aires,274,Florencio Varela,6274,3005.40,2,245,8.15,-1,-1,-1,-1,1,135,-1,-1,-1,-1,-1,-1,2,110,-1,-1,-1,-1,-1,-1,-1,-1,-1,-1
32,Argentina,6,Buenos Aires,277,Florentino Ameghino,6277,161951.10,73,30651,18.93,31,6155.5,-1,-1,15,2983,3,863,-1,-1,34,8470,41,6743,24,5436,-1,-1,-1,-1,-1,-1,-1,-1
32,Argentina,6,Buenos Aires,280,General Alvarado,6280,132807.80,37,18775,14.14,20,3552,-1,-1,22,7661,14,2808,-1,-1,10,2157,2,139,13,2237,-1,-1,-1,-1,-1,-1,1,221
32,Argentina,6,Buenos Aires,287,General Alvear,6287,280862.60,15,3773,1.34,1,426,-1,-1,4,858,-1,-1,-1,-1,7,770,6,1414,7,305,-1,-1,-1,-1,-1,-1,-1,-1
32,Argentina,6,Buenos Aires,294,General Arenales,6294,134326.70,422,91561,68.16,169,15184,-1,-1,155,15171.5,-1,-1,-1,-1,246,23867.5,297,31352,13,750.5,-1,-1,-1,-1,-1,-1,73,5235.5
32,Argentina,6,Buenos Aires,301,General Belgrano,6301,164896.70,43,7424,4.50,20,1107,-1,-1,8,909,2,205,-1,-1,12,1690,16,2752,13,739,-1,-1,-1,-1,-1,-1,1,22
32,Argentina,6,Buenos Aires,308,General Guido,6308,197038.70,16,1019,0.52,10,414,-1,-1,3,175,2,40,-1,-1,-1,-1,-1,-1,8,390,-1,-1,-1,-1,-1,-1,-1,-1
32,Argentina,6,Buenos Aires,315,General Juan Madariaga,6315,249327.60,49,5474,2.20,20,1250,1,141,18,1240.5,11,845,-1,-1,8,371,3,388.5,21,1238,-1,-1,-1,-1,-1,-1,-1,-1
32,Argentina,6,Buenos Aires,322,General La Madrid,6322,329851.50,46,19124,5.80,10,1254,-1,-1,23,7099,15,2860,-1,-1,27,5938,4,400,11,1123,-1,-1,-1,-1,-1,-1,1,450
32,Argentina,6,Buenos Aires,329,General Las Heras,6329,47456.00,25,2332,4.91,5,186,-1,-1,4,437,-1,-1,-1,-1,5,139,5,540,13,865,-1,-1,-1,-1,-1,-1,3,165
32,Argentina,6,Buenos Aires,336,General Lavalle,6336,227047.40,6,2029,0.89,1,105,-1,-1,1,55,1,70,-1,-1,-1,-1,1,60,5,1739,-1,-1,-1,-1,-1,-1,-1,-1
32,Argentina,6,Buenos Aires,343,General Paz,6343,99388.70,31,2793,2.81,7,221,1,20,3,390,3,175,-1,-1,1,160,2,125,23,1702,-1,-1,-1,-1,-1,-1,-1,-1
32,Argentina,6,Buenos Aires,351,General Pinto,6351,239096.80,133,72506,30.32,47,12509,-1,-1,51,14230.5,-1,-1,-1,-1,81,20830,76,23112,22,1784.7,-1,-1,-1,-1,-1,-1,1,40
32,Argentina,6,Buenos Aires,357,General Pueyrredon,6357,113138.00,53,16568,14.64,19,2845,-1,-1,24,5378.5,19,2547.5,-1,-1,16,1848.5,5,269,21,3433,-1,-1,-1,-1,-1,-1,4,246
32,Argentina,6,Buenos Aires,364,General Rodriguez,6364,20774.70,4,780,3.75,1,30,-1,-1,2,132,-1,-1,-1,-1,1,100,2,220,1,298,-1,-1,-1,-1,-1,-1,-1,-1
32,Argentina,6,Buenos Aires,371,General San Martin,6371,76.30,-1,-1,-1.00,-1,-1,-1,-1,-1,-1,-1,-1,-1,-1,-1,-1,-1,-1,-1,-1,-1,-1,-1,-1,-1,-1,-1,-1
32,Argentina,6,Buenos Aires,385,General Viamonte,6385,163532.30,165,27136,16.59,31,1866,-1,-1,18,2169,1,34,-1,-1,72,8946,116,13316,4,166,-1,-1,-1,-1,-1,-1,8,639
32,Argentina,6,Buenos Aires,392,General Villegas,6392,595146.00,336,160690,27.00,100,23141.7,2,73,100,29019.8,19,3221,-1,-1,180,57977.5,189,40097,41,6867,-1,-1,-1,-1,-1,-1,5,293
32,Argentina,6,Buenos Aires,399,Guamini,6399,392613.50,154,72390,18.44,44,6606.5,6,423,75,22346,65,10624.5,-1,-1,58,13675,24,5951,49,10502,-1,-1,-1,-1,-1,-1,17,2262
32,Argentina,6,Buenos Aires,406,Hipolito Yrigoyen,6406,130118.00,58,22600,17.37,21,3906,-1,-1,28,5624,8,1003,-1,-1,28,6757,31,3867,11,1335,-1,-1,-1,-1,-1,-1,2,108
32,Argentina,6,Buenos Aires,408,Hurlingham,6408,-1.00,-1,-1,-1.00,-1,-1,-1,-1,-1,-1,-1,-1,-1,-1,-1,-1,-1,-1,-1,-1,-1,-1,-1,-1,-1,-1,-1,-1
32,Argentina,6,Buenos Aires,410,Ituzaingo,6410,-1.00,-1,-1,-1.00,-1,-1,-1,-1,-1,-1,-1,-1,-1,-1,-1,-1,-1,-1,-1,-1,-1,-1,-1,-1,-1,-1,-1,-1
32,Argentina,6,Buenos Aires,412,Jose C Paz,6412,74.90,-1,-1,-1.00,-1,-1,-1,-1,-1,-1,-1,-1,-1,-1,-1,-1,-1,-1,-1,-1,-1,-1,-1,-1,-1,-1,-1,-1
32,Argentina,6,Buenos Aires,413,Junin,6413,167732.90,310,50772,30.27,78,5419.5,-1,-1,76,7166,-1,-1,-1,-1,125,12476,255,23560.5,7,470,-1,-1,-1,-1,-1,-1,35,1680
32,Argentina,6,Buenos Aires,420,La Costa,6420,1438.50,-1,-1,-1.00,-1,-1,-1,-1,-1,-1,-1,-1,-1,-1,-1,-1,-1,-1,-1,-1,-1,-1,-1,-1,-1,-1,-1,-1
32,Argentina,6,Buenos Aires,427,La Matanza,6427,20898.90,8,1828,8.75,1,140,-1,-1,1,600,-1,-1,-1,-1,2,49,2,160,3,879,-1,-1,-1,-1,-1,-1,-1,-1
32,Argentina,6,Buenos Aires,434,Lanus,6434,-1.00,-1,-1,-1.00,-1,-1,-1,-1,-1,-1,-1,-1,-1,-1,-1,-1,-1,-1,-1,-1,-1,-1,-1,-1,-1,-1,-1,-1
32,Argentina,6,Buenos Aires,441,La Plata,6441,43247.40,13,872,2.02,1,200,-1,-1,2,55,-1,-1,-1,-1,-1,-1,1,61,8,548,-1,-1,-1,-1,-1,-1,2,7.8
32,Argentina,6,Buenos Aires,448,Laprida,6448,336779.50,47,11305,3.36,6,644,-1,-1,23,3305,5,868,-1,-1,13,1414,1,40,17,4135,-1,-1,-1,-1,-1,-1,7,899
32,Argentina,6,Buenos Aires,455,Las Flores,6455,291234.90,64,8955,3.07,33,1968,-1,-1,17,1927,10,672,-1,-1,29,2447,14,1614,10,327,-1,-1,-1,-1,-1,-1,-1,-1
32,Argentina,6,Buenos Aires,462,Leandro N. Alem,6462,145897.10,117,51150,35.06,26,7985,-1,-1,34,9142,-1,-1,-1,-1,59,18274,81,13600,7,2149,-1,-1,-1,-1,-1,-1,-1,-1
32,Argentina,6,Buenos Aires,469,Lincoln,6469,561364.10,240,86855,15.47,64,13115,-1,-1,76,16397,7,2121,-1,-1,80,19411,163,32953.4,33,2413,-1,-1,-1,-1,-1,-1,3,445
32,Argentina,6,Buenos Aires,476,Loberia,6476,356303.70,142,43757,12.28,43,6304,-1,-1,79,19059.7,68,10647,-1,-1,32,2882,11,1019,33,3645,-1,-1,-1,-1,-1,-1,5,200
32,Argentina,6,Buenos Aires,483,Lobos,6483,140637.90,128,19471,13.84,33,2588,-1,-1,35,3256.5,4,322,-1,-1,51,5430,63,6091,27,1763,-1,-1,-1,-1,-1,-1,1,20
32,Argentina,6,Buenos Aires,490,Lomas De Zamora,6490,515.00,-1,-1,-1.00,-1,-1,-1,-1,-1,-1,-1,-1,-1,-1,-1,-1,-1,-1,-1,-1,-1,-1,-1,-1,-1,-1,-1,-1
32,Argentina,6,Buenos Aires,497,Lujan,6497,26860.60,27,6832,25.44,8,1700,-1,-1,6,853,3,545,-1,-1,10,914,13,2208.5,9,611,-1,-1,-1,-1,-1,-1,-1,-1
32,Argentina,6,Buenos Aires,505,Magdalena,6505,179755.00,44,3663,2.04,13,622,-1,-1,2,69,1,78.5,-1,-1,2,188.5,1,16,31,2688.5,-1,-1,-1,-1,-1,-1,-1,-1
32,Argentina,6,Buenos Aires,511,Maipu,6511,243932.10,30,2748,1.13,19,980,-1,-1,4,466,7,662,-1,-1,3,207,-1,-1,13,393,-1,-1,-1,-1,-1,-1,1,40
32,Argentina,6,Buenos Aires,515,Malvinas Argentinas,6515,17.50,-1,-1,-1.00,-1,-1,-1,-1,-1,-1,-1,-1,-1,-1,-1,-1,-1,-1,-1,-1,-1,-1,-1,-1,-1,-1,-1,-1
32,Argentina,6,Buenos Aires,518,Mar Chiquita,6518,302173.00,24,3656,1.21,9,2031,1,48,4,836,2,277,-1,-1,-1,-1,1,50,12,414,-1,-1,-1,-1,-1,-1,-1,-1
32,Argentina,6,Buenos Aires,525,Marcos Paz,6525,27975.30,33,3717,13.29,6,108,-1,-1,7,701,-1,-1,-1,-1,5,181,12,1688,13,1016,-1,-1,-1,-1,-1,-1,3,23
32,Argentina,6,Buenos Aires,532,Mercedes,6532,82471.60,46,11121,13.48,8,1337,1,40,8,1284,1,80,-1,-1,18,3811,23,2557.5,12,1971,-1,-1,-1,-1,-1,-1,1,40
32,Argentina,6,Buenos Aires,539,Merlo,6539,1123.50,2,398,35.43,-1,-1,-1,-1,2,199,-1,-1,-1,-1,-1,-1,2,199,-1,-1,-1,-1,-1,-1,-1,-1,-1,-1
32,Argentina,6,Buenos Aires,547,Monte,6547,140840.50,69,13627,9.68,17,1995,-1,-1,17,1975,4,175,-1,-1,27,4232,16,2233,26,3017,-1,-1,-1,-1,-1,-1,-1,-1
32,Argentina,6,Buenos Aires,553,Monte Hermoso,6553,19695.00,-1,-1,-1.00,-1,-1,-1,-1,-1,-1,-1,-1,-1,-1,-1,-1,-1,-1,-1,-1,-1,-1,-1,-1,-1,-1,-1,-1
32,Argentina,6,Buenos Aires,560,Moreno,6560,397.40,-1,-1,-1.00,-1,-1,-1,-1,-1,-1,-1,-1,-1,-1,-1,-1,-1,-1,-1,-1,-1,-1,-1,-1,-1,-1,-1,-1
32,Argentina,6,Buenos Aires,568,Moron,6568,-1.00,-1,-1,-1.00,-1,-1,-1,-1,-1,-1,-1,-1,-1,-1,-1,-1,-1,-1,-1,-1,-1,-1,-1,-1,-1,-1,-1,-1
32,Argentina,6,Buenos Aires,574,Navarro,6574,138702.40,134,16205,11.68,22,689.5,1,25,27,2060,-1,-1,-1,-1,46,3862.5,72,6870,39,2698,-1,-1,-1,-1,-1,-1,-1,-1
32,Argentina,6,Buenos Aires,581,Necochea,6581,411192.20,180,82178,19.99,52,7087,-1,-1,121,38374,121,24490,-1,-1,44,5731.5,15,1564,24,3647,-1,-1,-1,-1,-1,-1,16,1284.5
32,Argentina,6,Buenos Aires,588,9 De Julio,6588,373746.00,278,46547,12.45,53,5659,-1,-1,46,6053.5,6,467,-1,-1,85,10266.1,206,21487.2,29,2149,-1,-1,-1,-1,-1,-1,6,465
32,Argentina,6,Buenos Aires,595,Olavarria,6595,707953.30,142,55499,7.84,16,3560,-1,-1,61,15817,12,3515.5,-1,-1,54,12308,54,7466,44,11974,-1,-1,-1,-1,-1,-1,12,858
32,Argentina,6,Buenos Aires,602,Patagones,6602,1271443.10,17,3797,0.30,-1,-1,-1,-1,12,2440,1,120,-1,-1,-1,-1,-1,-1,6,1237,-1,-1,-1,-1,-1,-1,-1,-1
32,Argentina,6,Buenos Aires,609,Pehuajo,6609,496943.10,219,101633,20.45,71,15648,1,882,66,22701,8,1955,-1,-1,96,34089,130,24719,24,1594,-1,-1,-1,-1,-1,-1,2,45
32,Argentina,6,Buenos Aires,616,Pellegrini,6616,149599.20,63,35393,23.66,30,5513.5,-1,-1,15,2672,39,12183.5,-1,-1,27,6504,4,282,28,7846,-1,-1,-1,-1,-1,-1,3,392
32,Argentina,6,Buenos Aires,623,Pergamino,6623,284386.70,638,150335,52.86,163,16548,12,737,201,21920.3,3,200,-1,-1,481,71897,350,34918.8,29,1899,-1,-1,-1,-1,-1,-1,31,2214.5
32,Argentina,6,Buenos Aires,630,Pila,6630,249420.00,12,1032,0.41,2,45,-1,-1,2,93,-1,-1,-1,-1,1,100,4,316,7,473,-1,-1,-1,-1,-1,-1,1,5
32,Argentina,6,Buenos Aires,638,Pilar,6638,1621.70,1,24,1.48,1,24,-1,-1,-1,-1,-1,-1,-1,-1,-1,-1,-1,-1,-1,-1,-1,-1,-1,-1,-1,-1,-1,-1
32,Argentina,6,Buenos Aires,644,Pinamar,6644,-1.00,-1,-1,-1.00,-1,-1,-1,-1,-1,-1,-1,-1,-1,-1,-1,-1,-1,-1,-1,-1,-1,-1,-1,-1,-1,-1,-1,-1
32,Argentina,6,Buenos Aires,648,Presidente Peron,6648,3099.70,1,1300,41.94,-1,-1,-1,-1,1,650,-1,-1,-1,-1,1,500,1,150,-1,-1,-1,-1,-1,-1,-1,-1,-1,-1
32,Argentina,6,Buenos Aires,651,Puan,6651,545753.50,33,15312,2.81,-1,-1,-1,-1,21,12471,2,70,-1,-1,5,590,5,709,8,1197,-1,-1,-1,-1,-1,-1,3,275
32,Argentina,6,Buenos Aires,655,Punta Indio,6655,125627.90,9,736,0.59,-1,-1,-1,-1,-1,-1,-1,-1,-1,-1,-1,-1,-1,-1,9,736,-1,-1,-1,-1,-1,-1,-1,-1
32,Argentina,6,Buenos Aires,658,Quilmes,6658,37.10,-1,-1,-1.00,-1,-1,-1,-1,-1,-1,-1,-1,-1,-1,-1,-1,-1,-1,-1,-1,-1,-1,-1,-1,-1,-1,-1,-1
32,Argentina,6,Buenos Aires,665,Ramallo,6665,87999.10,198,64137,72.88,65,5826,2,27,87,11064,1,10,-1,-1,176,33050,102,13413,4,155.5,-1,-1,-1,-1,-1,-1,11,591
32,Argentina,6,Buenos Aires,672,Rauch,6672,358482.30,33,2746,0.77,11,368,-1,-1,9,558,4,117,-1,-1,1,50,3,121,19,1282,-1,-1,-1,-1,-1,-1,1,250
32,Argentina,6,Buenos Aires,679,Rivadavia,6679,364947.40,200,92421,25.32,86,18136.9,-1,-1,52,8220.5,44,8487,-1,-1,127,30218.9,93,12145.6,40,15098.5,-1,-1,-1,-1,-1,-1,2,113.2
32,Argentina,6,Buenos Aires,686,Rojas,6686,183217.10,313,88288,48.19,101,12270.5,4,195,113,15845.7,1,20,-1,-1,197,32042.7,216,26266.7,15,585,-1,-1,-1,-1,-1,-1,14,1062
32,Argentina,6,Buenos Aires,693,Roque Perez,6693,135947.10,128,21603,15.89,42,3796.7,-1,-1,49,5535.3,-1,-1,-1,-1,55,4324.7,66,6822.2,18,1064,-1,-1,-1,-1,-1,-1,1,60
32,Argentina,6,Buenos Aires,700,Saavedra,6700,346155.70,116,31940,9.23,18,1752,-1,-1,80,14761,34,5052,-1,-1,39,4127,1,300,39,4536,-1,-1,-1,-1,-1,-1,11,1412
32,Argentina,6,Buenos Aires,707,Saladillo,6707,291435.50,146,66254,22.73,44,4673.5,1,21,48,17465,6,4246,-1,-1,50,20458,75,17709,30,1504.5,-1,-1,-1,-1,-1,-1,3,177
32,Argentina,6,Buenos Aires,714,Salto,6714,90133.60,274,64340,71.38,83,9052.5,3,111,94,9497,1,10,-1,-1,193,25342,158,19400.5,9,655,-1,-1,-1,-1,-1,-1,6,272
32,Argentina,6,Buenos Aires,721,Salliquelo,6721,139423.30,29,12654,9.08,14,1810,2,46,9,2747,14,2655,-1,-1,9,736,4,474,13,4156,-1,-1,-1,-1,-1,-1,1,30
32,Argentina,6,Buenos Aires,728,San Andres De Giles,6728,89308.50,73,43989,49.26,26,4061,-1,-1,37,9263,5,603,-1,-1,49,14023.5,58,15611,8,427,-1,-1,-1,-1,-1,-1,-1,-1
32,Argentina,6,Buenos Aires,735,San Antonio De Areco,6735,92604.40,89,52744,56.96,47,10567.3,1,148,49,9620.6,4,305.5,-1,-1,61,18478.5,68,13076,11,548,-1,-1,-1,-1,-1,-1,-1,-1
32,Argentina,6,Buenos Aires,742,San Cayetano,6742,240194.50,114,31894,13.28,16,1723,-1,-1,67,12371,69,8876,-1,-1,30,3444,5,1169,18,2514,-1,-1,-1,-1,-1,-1,19,1797
32,Argentina,6,Buenos Aires,749,San Fernando (Islas),0,0.00,-1,-1,-1.00,-1,-1,-1,-1,-1,-1,-1,-1,-1,-1,-1,-1,-1,-1,-1,-1,-1,-1,-1,-1,-1,-1,-1,-1
32,Argentina,6,Buenos Aires,749,San Fernando,6749,12269.00,-1,-1,-1.00,-1,-1,-1,-1,-1,-1,-1,-1,-1,-1,-1,-1,-1,-1,-1,-1,-1,-1,-1,-1,-1,-1,-1,-1
32,Argentina,6,Buenos Aires,756,San Isidro,6756,2.80,-1,-1,-1.00,-1,-1,-1,-1,-1,-1,-1,-1,-1,-1,-1,-1,-1,-1,-1,-1,-1,-1,-1,-1,-1,-1,-1,-1
32,Argentina,6,Buenos Aires,760,San Miguel,6760,-1.00,-1,-1,-1.00,-1,-1,-1,-1,-1,-1,-1,-1,-1,-1,-1,-1,-1,-1,-1,-1,-1,-1,-1,-1,-1,-1,-1,-1
32,Argentina,6,Buenos Aires,763,San Nicolas,6763,53104.50,124,23835,44.88,23,2184,2,88,21,2597,-1,-1,-1,-1,93,11941,68,6837,4,140,-1,-1,-1,-1,-1,-1,1,48
32,Argentina,6,Buenos Aires,770,San Pedro,6770,105145.20,188,60367,57.41,59,7283.3,4,315,95,11909.8,4,179,-1,-1,155,27209.8,122,13232.3,5,238,-1,-1,-1,-1,-1,-1,-1,-1
32,Argentina,6,Buenos Aires,778,San Vicente,6778,48383.00,1,71,0.15,-1,-1,-1,-1,-1,-1,-1,-1,-1,-1,-1,-1,-1,-1,1,71,-1,-1,-1,-1,-1,-1,-1,-1
32,Argentina,6,Buenos Aires,784,Suipacha,6784,87473.40,95,13540,15.48,25,1188,-1,-1,29,2326.5,3,145,-1,-1,37,4825.5,40,2729,33,2311,-1,-1,-1,-1,-1,-1,1,15
32,Argentina,6,Buenos Aires,791,Tandil,6791,442390.20,249,113819,25.73,76,10783,-1,-1,154,43849,50,8215,-1,-1,136,30186,68,11317,78,8907,-1,-1,-1,-1,-1,-1,5,562
32,Argentina,6,Buenos Aires,798,Tapalque,6798,270895.40,5,1548,0.57,1,120,-1,-1,1,300,1,180,-1,-1,3,814,-1,-1,1,134,-1,-1,-1,-1,-1,-1,-1,-1
32,Argentina,6,Buenos Aires,805,Tigre,6805,696.30,-1,-1,-1.00,-1,-1,-1,-1,-1,-1,-1,-1,-1,-1,-1,-1,-1,-1,-1,-1,-1,-1,-1,-1,-1,-1,-1,-1
32,Argentina,6,Buenos Aires,812,Tordillo,6812,105546.00,1,150,0.14,-1,-1,-1,-1,-1,-1,-1,-1,-1,-1,-1,-1,-1,-1,1,150,-1,-1,-1,-1,-1,-1,-1,-1
32,Argentina,6,Buenos Aires,819,Tornquist,6819,400387.00,61,24183,6.04,8,1090,2,117,47,12643,12,2068,-1,-1,9,1307,-1,-1,26,6535,-1,-1,-1,-1,-1,-1,3,423
32,Argentina,6,Buenos Aires,826,Trenque Lauquen,6826,407811.60,216,122511,30.04,119,28568.9,1,40,68,14856,56,10848,-1,-1,108,27910.8,44,13258,95,25404.5,-1,-1,-1,-1,-1,-1,8,1625
32,Argentina,6,Buenos Aires,833,Tres Arroyos,6833,526636.00,238,88243,16.76,62,7496,1,100,151,38290.2,154,25752,-1,-1,45,3719,9,1218,44,5125,-1,-1,-1,-1,-1,-1,70,6543
32,Argentina,6,Buenos Aires,840,Tres De Febrero,6840,117.00,-1,-1,-1.00,-1,-1,-1,-1,-1,-1,-1,-1,-1,-1,-1,-1,-1,-1,-1,-1,-1,-1,-1,-1,-1,-1,-1,-1
32,Argentina,6,Buenos Aires,847,Tres Lomas,6847,109674.50,29,6997,6.38,11,1659,-1,-1,6,1274,10,1581,-1,-1,4,830,3,451,15,1192,-1,-1,-1,-1,-1,-1,1,10
32,Argentina,6,Buenos Aires,854,25 De Mayo,6854,363367.50,215,55477,15.27,47,5974,-1,-1,69,9885,1,100,-1,-1,89,14525,149,22680,13,1482,-1,-1,-1,-1,-1,-1,6,831
32,Argentina,6,Buenos Aires,861,Vicente Lopez,6861,1.30,-1,-1,-1.00,-1,-1,-1,-1,-1,-1,-1,-1,-1,-1,-1,-1,-1,-1,-1,-1,-1,-1,-1,-1,-1,-1,-1,-1
32,Argentina,6,Buenos Aires,868,Villa Gesell,6868,5.50,-1,-1,-1.00,-1,-1,-1,-1,-1,-1,-1,-1,-1,-1,-1,-1,-1,-1,-1,-1,-1,-1,-1,-1,-1,-1,-1,-1
32,Argentina,6,Buenos Aires,875,Villarino,6875,879258.10,25,7693,0.87,2,300,-1,-1,15,3935,4,1080,-1,-1,1,20,-1,-1,8,2025,-1,-1,-1,-1,-1,-1,4,333
32,Argentina,6,Buenos Aires,882,Zarate,6882,34959.20,44,11865,33.94,7,1215,-1,-1,13,1773,-1,-1,-1,-1,22,4728.5,29,3953,4,195,-1,-1,-1,-1,-1,-1,-1,-1
32,Argentina,2,Caba,1,Comuna 01,2001,-1.00,-1,-1,-1.00,-1,-1,-1,-1,-1,-1,-1,-1,-1,-1,-1,-1,-1,-1,-1,-1,-1,-1,-1,-1,-1,-1,-1,-1
32,Argentina,2,Caba,2,Comuna 02,2002,-1.00,-1,-1,-1.00,-1,-1,-1,-1,-1,-1,-1,-1,-1,-1,-1,-1,-1,-1,-1,-1,-1,-1,-1,-1,-1,-1,-1,-1
32,Argentina,2,Caba,3,Comuna 03,2003,-1.00,-1,-1,-1.00,-1,-1,-1,-1,-1,-1,-1,-1,-1,-1,-1,-1,-1,-1,-1,-1,-1,-1,-1,-1,-1,-1,-1,-1
32,Argentina,2,Caba,4,Comuna 04,2004,-1.00,-1,-1,-1.00,-1,-1,-1,-1,-1,-1,-1,-1,-1,-1,-1,-1,-1,-1,-1,-1,-1,-1,-1,-1,-1,-1,-1,-1
32,Argentina,2,Caba,5,Comuna 05,2005,-1.00,-1,-1,-1.00,-1,-1,-1,-1,-1,-1,-1,-1,-1,-1,-1,-1,-1,-1,-1,-1,-1,-1,-1,-1,-1,-1,-1,-1
32,Argentina,2,Caba,6,Comuna 06,2006,-1.00,-1,-1,-1.00,-1,-1,-1,-1,-1,-1,-1,-1,-1,-1,-1,-1,-1,-1,-1,-1,-1,-1,-1,-1,-1,-1,-1,-1
32,Argentina,2,Caba,7,Comuna 07,2007,-1.00,-1,-1,-1.00,-1,-1,-1,-1,-1,-1,-1,-1,-1,-1,-1,-1,-1,-1,-1,-1,-1,-1,-1,-1,-1,-1,-1,-1
32,Argentina,2,Caba,8,Comuna 08,2008,-1.00,-1,-1,-1.00,-1,-1,-1,-1,-1,-1,-1,-1,-1,-1,-1,-1,-1,-1,-1,-1,-1,-1,-1,-1,-1,-1,-1,-1
32,Argentina,2,Caba,9,Comuna 09,2009,-1.00,-1,-1,-1.00,-1,-1,-1,-1,-1,-1,-1,-1,-1,-1,-1,-1,-1,-1,-1,-1,-1,-1,-1,-1,-1,-1,-1,-1
32,Argentina,2,Caba,10,Comuna 10,2010,-1.00,-1,-1,-1.00,-1,-1,-1,-1,-1,-1,-1,-1,-1,-1,-1,-1,-1,-1,-1,-1,-1,-1,-1,-1,-1,-1,-1,-1
32,Argentina,2,Caba,11,Comuna 11,2011,-1.00,-1,-1,-1.00,-1,-1,-1,-1,-1,-1,-1,-1,-1,-1,-1,-1,-1,-1,-1,-1,-1,-1,-1,-1,-1,-1,-1,-1
32,Argentina,2,Caba,12,Comuna 12,2012,-1.00,-1,-1,-1.00,-1,-1,-1,-1,-1,-1,-1,-1,-1,-1,-1,-1,-1,-1,-1,-1,-1,-1,-1,-1,-1,-1,-1,-1
32,Argentina,2,Caba,13,Comuna 13,2013,-1.00,-1,-1,-1.00,-1,-1,-1,-1,-1,-1,-1,-1,-1,-1,-1,-1,-1,-1,-1,-1,-1,-1,-1,-1,-1,-1,-1,-1
32,Argentina,2,Caba,14,Comuna 14,2014,-1.00,-1,-1,-1.00,-1,-1,-1,-1,-1,-1,-1,-1,-1,-1,-1,-1,-1,-1,-1,-1,-1,-1,-1,-1,-1,-1,-1,-1
32,Argentina,2,Caba,15,Comuna 15,2015,-1.00,-1,-1,-1.00,-1,-1,-1,-1,-1,-1,-1,-1,-1,-1,-1,-1,-1,-1,-1,-1,-1,-1,-1,-1,-1,-1,-1,-1
32,Argentina,10,Catamarca,7,Ambato,10007,148610.50,1,2,0.00,-1,-1,-1,-1,-1,-1,-1,-1,-1,-1,-1,-1,-1,-1,-1,-1,-1,-1,-1,-1,-1,-1,1,2
32,Argentina,10,Catamarca,14,Ancasti,10014,14262.10,-1,-1,-1.00,-1,-1,-1,-1,-1,-1,-1,-1,-1,-1,-1,-1,-1,-1,-1,-1,-1,-1,-1,-1,-1,-1,-1,-1
32,Argentina,10,Catamarca,21,Andalgala,10021,126455.60,1,7,0.01,-1,-1,-1,-1,-1,-1,-1,-1,-1,-1,-1,-1,-1,-1,-1,-1,-1,-1,-1,-1,-1,-1,1,7
32,Argentina,10,Catamarca,28,Antofagasta De La Sierra,10028,398.90,-1,-1,-1.00,-1,-1,-1,-1,-1,-1,-1,-1,-1,-1,-1,-1,-1,-1,-1,-1,-1,-1,-1,-1,-1,-1,-1,-1
32,Argentina,10,Catamarca,35,Belen,10035,104291.10,25,67.5,0.06,5,5.3,-1,-1,2,2,-1,-1,-1,-1,-1,-1,9,20,3,1.6,-1,-1,-1,-1,-1,-1,20,38.6
32,Argentina,10,Catamarca,42,Capayan,10042,95740.80,13,2594,2.71,1,10,-1,-1,-1,-1,-1,-1,-1,-1,-1,-1,1,120,11,2408.8,-1,-1,-1,-1,-1,-1,3,55.2
32,Argentina,10,Catamarca,49,Capital,10049,7602.10,-1,-1,-1.00,-1,-1,-1,-1,-1,-1,-1,-1,-1,-1,-1,-1,-1,-1,-1,-1,-1,-1,-1,-1,-1,-1,-1,-1
32,Argentina,10,Catamarca,56,El Alto,10056,93760.50,19,912.5,0.97,16,252.5,1,2,3,265,4,260,-1,-1,-1,-1,1,110,1,5,-1,-1,-1,-1,-1,-1,1,18
32,Argentina,10,Catamarca,63,Fray Mamerto Esquiu,10063,2508.90,3,44,1.75,-1,-1,-1,-1,-1,-1,-1,-1,-1,-1,-1,-1,-1,-1,3,44,-1,-1,-1,-1,-1,-1,-1,-1
32,Argentina,10,Catamarca,70,La Paz,10070,357991.30,8,8395,2.35,2,305,1,200,1,1500,3,2240,-1,-1,-1,-1,3,430,2,3320,-1,-1,-1,-1,-1,-1,1,400
32,Argentina,10,Catamarca,77,Paclin,10077,23263.10,-1,-1,-1.00,-1,-1,-1,-1,-1,-1,-1,-1,-1,-1,-1,-1,-1,-1,-1,-1,-1,-1,-1,-1,-1,-1,-1,-1
32,Argentina,10,Catamarca,84,Poman,10084,48464.40,1,0.3,0.00,-1,-1,-1,-1,-1,-1,-1,-1,-1,-1,-1,-1,-1,-1,1,0.3,-1,-1,-1,-1,-1,-1,-1,-1
32,Argentina,10,Catamarca,91,Santa Maria,10091,365519.60,-1,-1,-1.00,-1,-1,-1,-1,-1,-1,-1,-1,-1,-1,-1,-1,-1,-1,-1,-1,-1,-1,-1,-1,-1,-1,-1,-1
32,Argentina,10,Catamarca,98,Santa Rosa,10098,146803.30,82,46532,31.70,26,5647.5,1,50,42,14421,64,25060.5,-1,-1,-1,-1,5,715,1,380,-1,-1,-1,-1,-1,-1,3,258
32,Argentina,10,Catamarca,105,Tinogasta,10105,20691.50,7,8,0.04,1,2,-1,-1,3,3,-1,-1,-1,-1,-1,-1,-1,-1,2,2,-1,-1,-1,-1,-1,-1,1,1
32,Argentina,10,Catamarca,112,Valle Viejo,10112,32442.00,2,562,1.73,1,260,-1,-1,2,302,-1,-1,-1,-1,-1,-1,-1,-1,-1,-1,-1,-1,-1,-1,-1,-1,-1,-1
32,Argentina,22,Chaco,7,Almirante Brown,22007,517819.00,49,26122,5.04,13,1850,1,70,6,3695,5,931,41,17171,-1,-1,-1,-1,-1,-1,-1,-1,6,1635,-1,-1,1,770
32,Argentina,22,Chaco,14,Bermejo,22014,184843.70,8,3200,1.73,-1,-1,3,340,2,330,-1,-1,2,860,-1,-1,3,1670,-1,-1,3,1670,-1,-1,-1,-1,-1,-1
32,Argentina,22,Chaco,21,Comandante Fernandez,22021,164989.90,225,25528,15.47,54,1245,3,72,34,2100.5,20,1006,135,14627,-1,-1,-1,-1,49,2027.5,-1,-1,87,4330,-1,-1,1,120
32,Argentina,22,Chaco,28,Chacabuco,22028,104907.50,80,27029,25.76,20,1148,3,72,22,4132,10,1399,74,20209,-1,-1,-1,-1,1,11,-1,-1,2,58,-1,-1,-1,-1
32,Argentina,22,Chaco,36,12 De Octubre,22036,189429.20,94,72816,38.44,25,3480,8,1231,38,17272,18,5522,90,43651,-1,-1,-1,-1,1,100,-1,-1,8,1505,-1,-1,1,55
32,Argentina,22,Chaco,39,2 De Abril,22039,156973.50,73,29631,18.88,3,180,3,380,30,4513,8,1059,68,22939,-1,-1,-1,-1,-1,-1,-1,-1,2,560,-1,-1,-1,-1
32,Argentina,22,Chaco,43,Fray Justo Santa Maria De Oro,22043,173577.40,8,9130,5.26,2,70,1,200,2,2155,-1,-1,6,6705,-1,-1,-1,-1,-1,-1,-1,-1,-1,-1,-1,-1,-1,-1
32,Argentina,22,Chaco,49,General Belgrano,22049,116393.50,31,19196,16.49,6,2865,-1,-1,10,2490,-1,-1,28,13527,-1,-1,-1,-1,1,44,-1,-1,1,150,-1,-1,1,120
32,Argentina,22,Chaco,56,General Donovan,22056,152910.80,-1,-1,-1.00,-1,-1,-1,-1,-1,-1,-1,-1,-1,-1,-1,-1,-1,-1,-1,-1,-1,-1,-1,-1,-1,-1,-1,-1
32,Argentina,22,Chaco,63,General Guemes,22063,863854.50,3,640,0.07,1,100,-1,-1,-1,-1,-1,-1,1,230,-1,-1,-1,-1,1,3,-1,-1,1,7,-1,-1,1,300
32,Argentina,22,Chaco,70,Independencia,22070,127897.30,35,16264,12.72,9,1095,4,384.5,7,1710,3,850,33,11847.5,-1,-1,-1,-1,-1,-1,-1,-1,3,377,-1,-1,-1,-1
32,Argentina,22,Chaco,77,Libertad,22077,98442.10,2,103,0.10,-1,-1,-1,-1,-1,-1,-1,1,23,1,-1,-1,-1,-1,-1,-1,-1,-1,80,-1,-1,-1,-1,-1
32,Argentina,22,Chaco,84,Libertador General San Martin,22084,587966.30,27,7019,1.19,6,524,5,135,-1,-1,1,1000,22,4259,-1,-1,-1,-1,1,100,-1,-1,1,1000,-1,-1,1,1
32,Argentina,22,Chaco,91,Maipu,22091,232246.00,21,4930,2.12,5,364,-1,-1,2,475,3,734,18,2737,-1,-1,-1,-1,1,550,-1,-1,2,70,-1,-1,-1,-1
32,Argentina,22,Chaco,98,Mayor Luis J. Fontana,22098,310058.50,32,7495,2.42,3,360,3,73,2,313,6,1612,27,4879,-1,-1,-1,-1,2,68,-1,-1,1,190,-1,-1,-1,-1
32,Argentina,22,Chaco,105,9 De Julio,22105,172437.00,60,18887,10.95,4,360,3,177,14,4055,2,160,57,13860,-1,-1,-1,-1,1,130,-1,-1,3,145,-1,-1,-1,-1
32,Argentina,22,Chaco,112,O'Higgins,22112,180496.20,103,19132,10.60,2,155,-1,-1,22,2879,6,1015,99,15037,-1,-1,-1,-1,1,46,-1,-1,-1,-1,-1,-1,-1,-1
32,Argentina,22,Chaco,119,Presidente De La Plaza,22119,173808.60,2,34,0.02,-1,-1,2,34,-1,-1,-1,-1,-1,-1,-1,-1,-1,-1,-1,-1,-1,-1,-1,-1,-1,-1,-1,-1
32,Argentina,22,Chaco,126,1 De Mayo,22126,135290.50,1,850,0.63,1,850,-11,-11,-1,-1,-1,-1,-1,-1,-1,-1,-1,-1,-1,-1,-1,-1,-1,-1,-1,-1,-1,-1
32,Argentina,22,Chaco,133,Quitilipi,22133,134197.50,6,790,0.59,-1,-1,-1,-1,1,80,-1,-1,6,675,-1,-1,-1,-1,-1,-1,-1,-1,1,35,-1,-1,-1,-1
32,Argentina,22,Chaco,140,San Fernando,22140,282609.30,4,514,0.18,-1,-1,-1,-1,-1,-1,2,220,4,294,-1,-1,-1,-1,-1,-1,-1,-1,-1,-1,-1,-1,-1,-1
32,Argentina,22,Chaco,147,San Lorenzo,22147,220247.30,1,250,0.11,-1,-1,-1,-1,-1,-1,-1,-1,1,250,-1,-1,-1,-1,-1,-1,-1,-1,-1,-1,-1,-1,-1,-1
32,Argentina,22,Chaco,154,Sargento Cabral,22154,136429.50,12,3678.5,2.70,3,22,6,826,1,25,1,150,7,2055,-1,-1,-1,-1,4,600,-1,-1,-1,-1,-1,-1,1,0.5
32,Argentina,22,Chaco,161,Tapenaga,22161,274968.20,-1,-1,-1.00,-1,-1,-1,-1,-1,-1,-1,-1,-1,-1,-1,-1,-1,-1,-1,-1,-1,-1,-1,-1,-1,-1,-1,-1
32,Argentina,22,Chaco,168,25 De Mayo,22168,206938.50,2,153,0.07,-1,-1,-1,-1,-1,-1,-1,-1,1,53,-1,-1,-1,-1,1,100,-1,-1,-1,-1,-1,-1,-1,-1
32,Argentina,26,Chubut,7,Biedma,26007,1185525.20,-1,-1,-1.00,-1,-1,-1,-1,-1,-1,-1,-1,-1,-1,-1,-1,-1,-1,-1,-1,-1,-1,-1,-1,-1,-1,-1,-1
32,Argentina,26,Chubut,14,Cushamen,26014,1115873.80,-1,-1,-1.00,-1,-1,-1,-1,-1,-1,-1,-1,-1,-1,-1,-1,-1,-1,-1,-1,-1,-1,-1,-1,-1,-1,-1,-1
32,Argentina,26,Chubut,21,Escalante,26021,1235458.70,-1,-1,-1.00,-1,-1,-1,-1,-1,-1,-1,-1,-1,-1,-1,-1,-1,-1,-1,-1,-1,-1,-1,-1,-1,-1,-1,-1
32,Argentina,26,Chubut,28,Florentino Ameghino,26028,1579967.00,-1,-1,-1.00,-1,-1,-1,-1,-1,-1,-1,-1,-1,-1,-1,-1,-1,-1,-1,-1,-1,-1,-1,-1,-1,-1,-1,-1
32,Argentina,26,Chubut,35,Futaleufu,26035,516730.40,-1,-1,-1.00,-1,-1,-1,-1,-1,-1,-1,-1,-1,-1,-1,-1,-1,-1,-1,-1,-1,-1,-1,-1,-1,-1,-1,-1
32,Argentina,26,Chubut,42,Gaiman,26042,1001166.50,-1,-1,-1.00,-1,-1,-1,-1,-1,-1,-1,-1,-1,-1,-1,-1,-1,-1,-1,-1,-1,-1,-1,-1,-1,-1,-1,-1
32,Argentina,26,Chubut,49,Gastre,26049,1305620.40,-1,-1,-1.00,-1,-1,-1,-1,-1,-1,-1,-1,-1,-1,-1,-1,-1,-1,-1,-1,-1,-1,-1,-1,-1,-1,-1,-1
32,Argentina,26,Chubut,56,Languineo,26056,1132849.90,-1,-1,-1.00,-1,-1,-1,-1,-1,-1,-1,-1,-1,-1,-1,-1,-1,-1,-1,-1,-1,-1,-1,-1,-1,-1,-1,-1
32,Argentina,26,Chubut,63,Martires,26063,1478159.60,-1,-1,-1.00,-1,-1,-1,-1,-1,-1,-1,-1,-1,-1,-1,-1,-1,-1,-1,-1,-1,-1,-1,-1,-1,-1,-1,-1
32,Argentina,26,Chubut,70,Paso De Indios,26070,2201440.60,-1,-1,-1.00,-1,-1,-1,-1,-1,-1,-1,-1,-1,-1,-1,-1,-1,-1,-1,-1,-1,-1,-1,-1,-1,-1,-1,-1
32,Argentina,26,Chubut,77,Rawson,26077,410815.90,-1,-1,-1.00,-1,-1,-1,-1,-1,-1,-1,-1,-1,-1,-1,-1,-1,-1,-1,-1,-1,-1,-1,-1,-1,-1,-1,-1
32,Argentina,26,Chubut,84,Rio Senguer,26084,1873228.50,-1,-1,-1.00,-1,-1,-1,-1,-1,-1,-1,-1,-1,-1,-1,-1,-1,-1,-1,-1,-1,-1,-1,-1,-1,-1,-1,-1
32,Argentina,26,Chubut,91,Sarmiento,26091,1144455.50,-1,-1,-1.00,-1,-1,-1,-1,-1,-1,-1,-1,-1,-1,-1,-1,-1,-1,-1,-1,-1,-1,-1,-1,-1,-1,-1,-1
32,Argentina,26,Chubut,98,Tehuelches,26098,1199340.10,-1,-1,-1.00,-1,-1,-1,-1,-1,-1,-1,-1,-1,-1,-1,-1,-1,-1,-1,-1,-1,-1,-1,-1,-1,-1,-1,-1
32,Argentina,26,Chubut,105,Telsen,26105,1824629.10,-1,-1,-1.00,-1,-1,-1,-1,-1,-1,-1,-1,-1,-1,-1,-1,-1,-1,-1,-1,-1,-1,-1,-1,-1,-1,-1,-1
32,Argentina,14,Cordoba,7,Calamuchita,14007,272317.70,141,39931,14.66,59,5589,7,455,28,3703,-1,-1,-1,-1,127,23172,28,4716,16,2246,-1,-1,-1,-1,-1,-1,1,50
32,Argentina,14,Cordoba,14,Capital,14014,22237.70,38,8258.6,37.14,7,614.5,-1,-1,10,1376.5,-1,-1,-1,-1,35,5437,4,830,-1,-1,-1,-1,-1,-1,-1,-1,1,0.6
32,Argentina,14,Cordoba,21,Colon,14021,173020.20,319,104323,60.30,146,21818.5,3,189,114,17618.5,1,50,-1,-1,269,49209,71,10518,32,3594,-1,-1,-1,-1,-1,-1,2,1326
32,Argentina,14,Cordoba,28,Cruz Del Eje,14028,400052.60,2,57,0.01,-1,-1,-1,-1,1,2,-1,-1,-1,-1,-1,-1,-1,-1,1,55,-1,-1,-1,-1,-1,-1,-1,-1
32,Argentina,14,Cordoba,35,General Roca,14035,1052151.70,382,181347.5,17.24,147,25095,11,1079,87,23193,94,33121,-1,-1,208,46504,101,18903,117,32348.5,-1,-1,-1,-1,-1,-1,9,1104
32,Argentina,14,Cordoba,42,General San Martin,14042,346967.40,557,203802.5,58.74,170,16705,33,1653,289,49437.5,-1,-1,-1,-1,220,29560,343,54772,244,46562,-1,-1,-1,-1,-1,-1,30,5113
32,Argentina,14,Cordoba,49,Ischilin,14049,393664.50,31,6185,1.57,18,1919,-1,-1,3,694,-1,-1,-1,-1,18,2858,2,644,2,70,-1,-1,-1,-1,-1,-1,-1,-1
32,Argentina,14,Cordoba,56,Juarez Celman,14056,746631.50,588,334134.3,44.75,349,72105.5,12,615,216,49406.5,17,6083,-1,-1,398,109703.5,262,52194.5,181,37403.8,-1,-1,-1,-1,-1,-1,21,6622.5
32,Argentina,14,Cordoba,63,Marcos Juarez,14063,833646.00,1861,775396.9,93.01,959,106622.7,54,1939,1171,161021.2,17,1770,-1,-1,1584,308215.6,1270,166342.7,296,27471.7,-1,-1,-1,-1,-1,-1,29,2014
32,Argentina,14,Cordoba,70,Minas,14070,271364.50,-1,-1,-1.00,-1,-1,-1,-1,-1,-1,-1,-1,-1,-1,-1,-1,-1,-1,-1,-1,-1,-1,-1,-1,-1,-1,-1,-1
32,Argentina,14,Cordoba,77,Pocho,14077,174589.50,12,4256,2.44,10,2135,-1,-1,1,298,-1,-1,-1,-1,9,1723,1,100,-1,-1,-1,-1,-1,-1,-1,-1,-1,-1
32,Argentina,14,Cordoba,84,Presidente Roque Saenz Pena,14084,606634.90,410,152185.1,25.09,126,16232,4,300,129,27167,24,2386,-1,-1,190,51998.5,239,47731,70,5987.6,-1,-1,-1,-1,-1,-1,3,383
32,Argentina,14,Cordoba,91,Punilla,14091,167333.90,6,1200,0.72,5,783,-1,-1,-1,-1,-1,-1,-1,-1,2,367,1,50,-1,-1,-1,-1,-1,-1,-1,-1,-1,-1
32,Argentina,14,Cordoba,98,Rio Cuarto,14098,1468291.20,1221,484318.7,32.99,679,119839.3,28,1751.5,223,38840.5,67,15282.2,-1,-1,927,220051.3,303,53081.4,181,31432.5,-1,-1,-1,-1,-1,-1,27,4040
32,Argentina,14,Cordoba,105,Rio Primero,14105,349177.50,578,214099.5,61.32,223,25963.8,24,1622,255,42560.5,-1,-1,-1,-1,383,83455.7,278,48920.5,116,10899,-1,-1,-1,-1,-1,-1,9,678
32,Argentina,14,Cordoba,112,Rio Seco,14112,421237.30,65,47654,11.31,20,2662,4,750,21,8548,-1,-1,-1,-1,55,28285,16,6439,4,920,-1,-1,-1,-1,-1,-1,1,50
32,Argentina,14,Cordoba,119,Rio Segundo,14119,496242.90,1174,453145.9,91.32,258,18734.5,122,9353,732,120486.8,1,60,-1,-1,661,119074,960,162667.1,175,21326.5,-1,-1,-1,-1,-1,-1,16,1444
32,Argentina,14,Cordoba,126,San Alberto,14126,202735.70,17,2271,1.12,7,447,-1,-1,-1,-1,-1,-1,-1,-1,5,1600,-1,-1,8,224,-1,-1,-1,-1,-1,-1,-1,-1
32,Argentina,14,Cordoba,133,San Javier,14133,125755.40,3,1468,1.17,1,723,-1,-1,-1,-1,1,150,-1,-1,2,475,1,120,-1,-1,-1,-1,-1,-1,-1,-1,-1,-1
32,Argentina,14,Cordoba,140,San Justo,14140,1163000.00,1893,602040.5,51.77,526,37375,231,11380,898,149887.4,6,420,-1,-1,859,129215.1,946,155585.4,1089,116491.6,-1,-1,-1,-1,-1,-1,18,1686
32,Argentina,14,Cordoba,147,Santa Maria,14147,221062.90,374,130627.5,59.09,110,8136,39,2529,128,16668,1,200,-1,-1,348,84336.5,150,17669,21,919,-1,-1,-1,-1,-1,-1,4,170
32,Argentina,14,Cordoba,154,Sobremonte,14154,253360.00,6,653,0.26,3,343,1,40,-1,-1,-1,-1,-1,-1,1,40,1,80,1,150,-1,-1,-1,-1,-1,-1,-1,-1
32,Argentina,14,Cordoba,161,Tercero Arriba,14161,437453.00,954,377294.2,86.25,303,27705,217,13926.5,478,60487.9,-1,-1,-1,-1,831,222622.6,270,36165.7,143,15725.5,-1,-1,-1,-1,-1,-1,15,661
32,Argentina,14,Cordoba,168,Totoral,14168,311334.10,213,120179.1,38.60,128,25891,2,46,78,18020.8,1,80,-1,-1,163,51408.5,85,20319.3,24,4313.5,-1,-1,-1,-1,-1,-1,1,100
32,Argentina,14,Cordoba,175,Tulumba,14175,421523.10,76,63784,15.13,34,11386,1,500,29,9925,1,160,-1,-1,60,26096,33,13935,4,1602,-1,-1,-1,-1,-1,-1,1,180
32,Argentina,14,Cordoba,182,Union,14182,912472.60,1415,726038.1,79.57,708,89866.1,63,3448,972,189057.5,18,3352,-1,-1,992,188265.5,1012,199736.5,397,50159.5,-1,-1,-1,-1,-1,-1,18,2153
32,Argentina,18,Corrientes,7,Bella Vista,18007,123507.90,3,561,0.45,2,201,-1,-1,-1,-1,-1,-1,1,180,-1,-1,-1,-1,1,180,-1,-1,-1,-1,-1,-1,-1,-1
32,Argentina,18,Corrientes,14,Beron De Astrada,18014,66731.10,1,220,0.33,-1,-1,-1,-1,-1,-1,-1,-1,-1,-1,-1,-1,-1,-1,-1,-1,1,220,-1,-1,-1,-1,-1,-1
32,Argentina,18,Corrientes,21,Capital,18021,20519.50,2,101.5,0.49,-1,-1,-1,-1,-1,-1,-1,-1,-1,-1,-1,-1,-1,-1,1,100,-1,-1,-1,-1,-1,-1,1,1.5
32,Argentina,18,Corrientes,28,Concepcion,18028,394374.40,2,72,0.02,1,70,-1,-1,-1,-1,-1,-1,-1,-1,-1,-1,-1,-1,-1,-1,-1,-1,-1,-1,-1,-1,1,2
32,Argentina,18,Corrientes,35,Curuzu Cuatia,18035,849853.10,9,5078,0.60,-1,-1,-1,-1,1,30,-1,-1,1,600,-1,-1,-1,-1,2,239,6,4209,-1,-1,-1,-1,-1,-1
32,Argentina,18,Corrientes,42,Empedrado,18042,123148.20,1,15,0.01,1,2,-1,-1,-1,-1,-1,-1,-1,-1,-1,-1,-1,-1,-1,-1,1,3,-1,-1,-1,-1,1,10
32,Argentina,18,Corrientes,49,Esquina,18049,315224.60,13,936,0.30,9,115,-1,-1,1,60,-1,-1,3,750,-1,-1,-1,-1,-1,-1,-1,-1,1,3,-1,-1,2,8
32,Argentina,18,Corrientes,56,General Alvear,18056,152188.10,4,1010,0.66,-1,-1,-1,-1,-1,-1,-1,-1,-1,-1,-1,-1,-1,-1,1,100,4,910,-1,-1,-1,-1,-1,-1
32,Argentina,18,Corrientes,63,General Paz,18063,264902.20,1,1550,0.59,-1,-1,-1,-1,-1,-1,-1,-1,-1,-1,-1,-1,-1,-1,-1,-1,1,1550,-1,-1,-1,-1,-1,-1
32,Argentina,18,Corrientes,70,Goya,18070,421557.50,3,222,0.05,1,1,1,100,-1,-1,-1,-1,-1,-1,-1,-1,-1,-1,1,70,1,50,1,1,-1,-1,-1,-1
32,Argentina,18,Corrientes,77,Itati,18077,72802.30,-1,-1,-1.00,-1,-1,-1,-1,-1,-1,-1,-1,-1,-1,-1,-1,-1,-1,-1,-1,-1,-1,-1,-1,-1,-1,-1,-1
32,Argentina,18,Corrientes,84,Ituzaingo,18084,388662.70,2,175,0.05,-1,-1,-1,-1,-1,-1,-1,-1,-1,-1,-1,-1,-1,-1,-1,-1,2,175,-1,-1,-1,-1,-1,-1
32,Argentina,18,Corrientes,91,Lavalle,18091,158874.00,10,945,0.59,5,10.5,-1,-1,-1,-1,-1,-1,-1,-1,-1,-1,-1,-1,2,83,3,850,2,1,-1,-1,1,0.5
32,Argentina,18,Corrientes,98,Mburucuya,18098,67977.70,-1,-1,-1.00,-1,-1,-1,-1,-1,-1,-1,-1,-1,-1,-1,-1,-1,-1,-1,-1,-1,-1,-1,-1,-1,-1,-1,-1
32,Argentina,18,Corrientes,105,Mercedes,18105,835855.40,8,3579.5,0.43,2,100.5,-1,-1,-1,-1,-1,-1,1,75,-1,-1,-1,-1,6,1604,2,1800,-1,-1,-1,-1,-1,-1
32,Argentina,18,Corrientes,112,Monte Caseros,18112,236552.90,4,870,0.37,-1,-1,-1,-1,-1,-1,-1,-1,-1,-1,-1,-1,-1,-1,-1,-1,2,680,-1,-1,-1,-1,2,190
32,Argentina,18,Corrientes,119,Paso De Los Libres,18119,438026.30,1,1686.7,0.39,-1,-1,-1,-1,-1,-1,-1,-1,-1,-1,-1,-1,-1,-1,-1,-1,1,1686.7,-1,-1,-1,-1,-1,-1
32,Argentina,18,Corrientes,126,Saladas,18126,115134.10,2,910,0.79,1,440,-1,-1,-1,-1,-1,-1,1,440,-1,-1,-1,-1,-1,-1,1,30,-1,-1,-1,-1,-1,-1
32,Argentina,18,Corrientes,133,San Cosme,18133,36377.60,-1,-1,-1.00,-1,-1,-1,-1,-1,-1,-1,-1,-1,-1,-1,-1,-1,-1,-1,-1,-1,-1,-1,-1,-1,-1,-1,-1
32,Argentina,18,Corrientes,140,San Luis Del Palmar,18140,218120.10,-1,-1,-1.00,-1,-1,-1,-1,-1,-1,-1,-1,-1,-1,-1,-1,-1,-1,-1,-1,-1,-1,-1,-1,-1,-1,-1,-1
32,Argentina,18,Corrientes,147,San Martin,18147,471559.80,-1,-1,-1.00,-1,-1,-1,-1,-1,-1,-1,-1,-1,-1,-1,-1,-1,-1,-1,-1,-1,-1,-1,-1,-1,-1,-1,-1
32,Argentina,18,Corrientes,154,San Miguel,18154,179506.40,-1,-1,-1.00,-1,-1,-1,-1,-1,-1,-1,-1,-1,-1,-1,-1,-1,-1,-1,-1,-1,-1,-1,-1,-1,-1,-1,-1
32,Argentina,18,Corrientes,161,San Roque,18161,131512.90,-1,-1,-1.00,-1,-1,-1,-1,-1,-1,-1,-1,-1,-1,-1,-1,-1,-1,-1,-1,-1,-1,-1,-1,-1,-1,-1,-1
32,Argentina,18,Corrientes,168,Santo Tome,18168,582390.40,2,550,0.09,-1,-1,-1,-1,-1,-1,-1,-1,-1,-1,-1,-1,-1,-1,1,50,1,500,-1,-1,-1,-1,-1,-1
32,Argentina,18,Corrientes,175,Sauce,18175,195213.80,1,248,0.13,-1,-1,-1,-1,-1,-1,-1,-1,1,248,-1,-1,-1,-1,-1,-1,-1,-1,-1,-1,-1,-1,-1,-1
32,Argentina,30,Entre Rios,8,Colon,30008,248531.20,69,22937.5,9.23,7,1985,2,215,15,2864,2,300,-1,-1,41,11662,22,4687,20,1224.5,-1,-1,-1,-1,-1,-1,-1,-1
32,Argentina,30,Entre Rios,15,Concordia,30015,269249.70,20,5400,2.01,2,255,1,40,1,580,-1,-1,-1,-1,9,2844,1,580,12,1066,-1,-1,-1,-1,-1,-1,1,35
32,Argentina,30,Entre Rios,21,Diamante,30021,242542.20,473,157472.5,64.93,165,17171.6,14,392,268,55238.6,13,1744,-1,-1,176,18058,352,60951.2,98,3791.1,-1,-1,-1,-1,-1,-1,4,126
32,Argentina,30,Entre Rios,28,Federacion,30028,315408.00,17,9910,3.14,1,300,-1,-1,-1,-1,-1,-1,-1,-1,1,200,2,800,3,1205,-1,-1,-1,-1,-1,-1,15,7405
32,Argentina,30,Entre Rios,35,Federal,30035,456567.80,40,9383,2.06,4,390,4,490,1,150,1,100,-1,-1,22,5951,6,1058,11,919,-1,-1,-1,-1,-1,-1,3,325
32,Argentina,30,Entre Rios,42,Feliciano,30042,274728.70,34,7276,2.65,28,1476,2,450,-1,-1,-1,-1,-1,-1,7,3984,1,150,5,1216,-1,-1,-1,-1,-1,-1,-1,-1
32,Argentina,30,Entre Rios,49,Gualeguay,30049,448509.70,165,103461.5,23.07,71,20042,7,280,65,19857,16,3702,-1,-1,123,34042,67,19964,49,5377.5,-1,-1,-1,-1,-1,-1,3,197
32,Argentina,30,Entre Rios,56,Gualeguaychu,30056,728197.10,371,136849.3,18.79,64,15990,13,907,103,21663,18,1986,-1,-1,212,59144.3,101,23211,149,13703,-1,-1,-1,-1,-1,-1,7,245
32,Argentina,30,Entre Rios,63,Islas Del Ibicuy,30063,348994.00,4,835,0.24,1,80,-1,-1,1,270,-1,-1,-1,-1,2,205,1,30,2,250,-1,-1,-1,-1,-1,-1,-1,-1
32,Argentina,30,Entre Rios,70,La Paz,30070,567164.90,187,83572.5,14.74,51,8282,20,1966,50,14441,6,985,-1,-1,115,35200.5,63,15894,64,6214,-1,-1,-1,-1,-1,-1,7,590
32,Argentina,30,Entre Rios,77,Nogoya,30077,317082.20,441,114213.6,36.02,74,9434.3,38,1708.5,152,30091.2,6,365,-1,-1,190,31166.8,165,29729.3,218,11298.5,-1,-1,-1,-1,-1,-1,4,420
32,Argentina,30,Entre Rios,84,Parana,30084,488558.40,972,314125.6,64.30,211,18565.5,50,2638,476,98221,25,3566,-1,-1,423,72332,569,103350.5,394,15093.6,-1,-1,-1,-1,-1,-1,13,359
32,Argentina,30,Entre Rios,88,San Salvador,30088,114923.80,53,11713,10.19,2,265,-1,-1,7,810,4,635,-1,-1,35,6599,10,1734,14,1400,-1,-1,-1,-1,-1,-1,3,270
32,Argentina,30,Entre Rios,91,Tala,30091,223687.00,152,51662,23.10,23,3043,14,894,44,11455,5,640,-1,-1,82,17873,43,11882.5,58,5674.5,-1,-1,-1,-1,-1,-1,4,200
32,Argentina,30,Entre Rios,98,Uruguay,30098,411352.50,168,77041.7,18.73,27,5083,15,662.5,39,8459.6,10,1459,-1,-1,91,41513.5,52,10024.6,57,9442.5,-1,-1,-1,-1,-1,-1,8,397
32,Argentina,30,Entre Rios,105,Victoria,30105,315737.20,225,135989.1,43.07,97,25449,7,676,123,36335,3,201,-1,-1,121,28189,143,39113.5,71,4993.6,-1,-1,-1,-1,-1,-1,2,1032
32,Argentina,30,Entre Rios,113,Villaguay,30113,580278.20,166,58094.5,10.01,28,4070,8,778,33,6802,9,809,-1,-1,99,28865.5,40,7512,60,8258,-1,-1,-1,-1,-1,-1,6,1000
32,Argentina,34,Formosa,7,Bermejo,34007,615191.70,1,1020,0.17,1,170,-1,-1,1,510,-1,-1,1,340,-1,-1,-1,-1,-1,-1,-1,-1,-1,-1,-1,-1,-1,-1
32,Argentina,34,Formosa,14,Formosa,34014,594462.60,1,10,0.00,-1,-1,-1,-1,-1,-1,-1,-1,-1,-1,-1,-1,-1,-1,1,10,-1,-1,-1,-1,-1,-1,-1,-1
32,Argentina,34,Formosa,21,Laishi,34021,306454.10,18,1386,0.45,-1,-1,-1,-1,-1,-1,-1,-1,2,15,-1,-1,-1,-1,7,1008,2,285,10,78,-1,-1,-1,-1
32,Argentina,34,Formosa,28,Matacos,34028,161563.00,-1,-1,-1.00,-1,-1,-1,-1,-1,-1,-1,-1,-1,-1,-1,-1,-1,-1,-1,-1,-1,-1,-1,-1,-1,-1,-1,-1
32,Argentina,34,Formosa,35,Patino,34035,1913258.80,10,1589.5,0.08,2,500.5,-1,-1,1,70,-1,-1,3,326,-1,-1,-1,-1,5,690,-1,-1,2,3,-1,-1,-1,-1
32,Argentina,34,Formosa,42,Pilagas,34042,337462.00,-1,-1,-1.00,-1,-1,-1,-1,-1,-1,-1,-1,-1,-1,-1,-1,-1,-1,-1,-1,-1,-1,-1,-1,-1,-1,-1,-1
32,Argentina,34,Formosa,49,Pilcomayo,34049,439263.10,39,157,0.04,27,46,-1,-1,-1,-1,-1,-1,-1,-1,-1,-1,-1,-1,1,22,-1,-1,19,79.5,-1,-1,4,9.5
32,Argentina,34,Formosa,56,Pirane,34056,735890.80,58,2727.8,0.37,40,84.3,-1,-1,-1,-1,-1,-1,5,2074,-1,-1,-1,-1,7,505.5,-1,-1,34,64,-1,-1,-1,-1
32,Argentina,34,Formosa,63,Ramon Lista,34063,75061.00,-1,-1,-1.00,-1,-1,-1,-1,-1,-1,-1,-1,-1,-1,-1,-1,-1,-1,-1,-1,-1,-1,-1,-1,-1,-1,-1,-1
32,Argentina,38,Jujuy,7,Cochinoca,38007,177192.90,-1,-1,-1.00,-1,-1,-1,-1,-1,-1,-1,-1,-1,-1,-1,-1,-1,-1,-1,-1,-1,-1,-1,-1,-1,-1,-1,-1
32,Argentina,38,Jujuy,14,El Carmen,38014,68999.60,5,1846,2.68,2,1607,-1,-1,-1,-1,-1,-1,-1,-1,-1,-1,-1,-1,1,9,-1,-1,-1,-1,3,230,-1,-1
32,Argentina,38,Jujuy,21,Dr. Manuel Belgrano,38021,80864.60,5,95,0.12,-1,-1,-1,-1,-1,-1,-1,-1,-1,-1,-1,-1,-1,-1,1,2.5,-1,-1,-1,-1,1,80,3,12.5
32,Argentina,38,Jujuy,28,Humahuaca,38028,10762.60,-1,-1,-1.00,-1,-1,-1,-1,-1,-1,-1,-1,-1,-1,-1,-1,-1,-1,-1,-1,-1,-1,-1,-1,-1,-1,-1,-1
32,Argentina,38,Jujuy,35,Ledesma,38035,206042.70,-1,-1,-1.00,-1,-1,-1,-1,-1,-1,-1,-1,-1,-1,-1,-1,-1,-1,-1,-1,-1,-1,-1,-1,-1,-1,-1,-1
32,Argentina,38,Jujuy,42,Palpala,38042,52595.90,-1,-1,-1.00,-1,-1,-1,-1,-1,-1,-1,-1,-1,-1,-1,-1,-1,-1,-1,-1,-1,-1,-1,-1,-1,-1,-1,-1
32,Argentina,38,Jujuy,49,Rinconada,38049,71452.50,-1,-1,-1.00,-1,-1,-1,-1,-1,-1,-1,-1,-1,-1,-1,-1,-1,-1,-1,-1,-1,-1,-1,-1,-1,-1,-1,-1
32,Argentina,38,Jujuy,56,San Antonio,38056,27145.00,1,1,0.00,1,1,-1,-1,-1,-1,-1,-1,-1,-1,-1,-1,-1,-1,-1,-1,-1,-1,-1,-1,-1,-1,-1,-1
32,Argentina,38,Jujuy,63,San Pedro,38063,187942.90,9,3217,1.71,4,990,-1,-1,-1,-1,-1,-1,-1,-1,-1,-1,-1,-1,-1,-1,-1,-1,-1,-1,6,2227,-1,-1
32,Argentina,38,Jujuy,70,Santa Barbara,38070,133174.00,3,255,0.19,-1,-1,-1,-1,-1,-1,-1,-1,-1,-1,-1,-1,-1,-1,-1,-1,-1,-1,-1,-1,3,255,-1,-1
32,Argentina,38,Jujuy,77,Santa Catalina,38077,57886.00,-1,-1,-1.00,-1,-1,-1,-1,-1,-1,-1,-1,-1,-1,-1,-1,-1,-1,-1,-1,-1,-1,-1,-1,-1,-1,-1,-1
32,Argentina,38,Jujuy,84,Susques,38084,-1.00,-1,-1,-1.00,-1,-1,-1,-1,-1,-1,-1,-1,-1,-1,-1,-1,-1,-1,-1,-1,-1,-1,-1,-1,-1,-1,-1,-1
32,Argentina,38,Jujuy,94,Tilcara,38094,28601.60,-1,-1,-1.00,-1,-1,-1,-1,-1,-1,-1,-1,-1,-1,-1,-1,-1,-1,-1,-1,-1,-1,-1,-1,-1,-1,-1,-1
32,Argentina,38,Jujuy,98,Tumbaya,38098,47220.30,-1,-1,-1.00,-1,-1,-1,-1,-1,-1,-1,-1,-1,-1,-1,-1,-1,-1,-1,-1,-1,-1,-1,-1,-1,-1,-1,-1
32,Argentina,38,Jujuy,105,Valle Grande,38105,66827.80,-1,-1,-1.00,-1,-1,-1,-1,-1,-1,-1,-1,-1,-1,-1,-1,-1,-1,-1,-1,-1,-1,-1,-1,-1,-1,-1,-1
32,Argentina,38,Jujuy,112,Yavi,38112,65354.10,-1,-1,-1.00,-1,-1,-1,-1,-1,-1,-1,-1,-1,-1,-1,-1,-1,-1,-1,-1,-1,-1,-1,-1,-1,-1,-1,-1
32,Argentina,42,La Pampa,7,Atreuco,42007,381172.50,59,19049,5.00,8,1306,2,194,10,1649,39,8947,-1,-1,8,1926,1,80,21,4587,-1,-1,-1,-1,-1,-1,2,360
32,Argentina,42,La Pampa,14,Caleu Caleu,42014,867580.00,-1,-1,-1.00,-1,-1,-1,-1,-1,-1,-1,-1,-1,-1,-1,-1,-1,-1,-1,-1,-1,-1,-1,-1,-1,-1,-1,-1
32,Argentina,42,La Pampa,21,Capital,42021,273208.30,36,13248,4.85,11,866,-1,-1,11,4436,20,3406,-1,-1,10,1073,2,1609,10,1645,-1,-1,-1,-1,-1,-1,2,213
32,Argentina,42,La Pampa,28,Catrilo,42028,239812.00,61,19252,8.03,23,2291,-1,-1,12,2465,39,8933,-1,-1,13,2195,7,495,13,1881,-1,-1,-1,-1,-1,-1,3,992
32,Argentina,42,La Pampa,35,Conhelo,42035,490378.40,48,8383,1.71,18,1178,3,180,8,1755,18,2348,-1,-1,13,1757,3,220,13,865,-1,-1,-1,-1,-1,-1,1,80
32,Argentina,42,La Pampa,42,Curaco,42042,810370.00,-1,-1,-1.00,-1,-1,-1,-1,-1,-1,-1,-1,-1,-1,-1,-1,-1,-1,-1,-1,-1,-1,-1,-1,-1,-1,-1,-1
32,Argentina,42,La Pampa,49,Chalileo,42049,672533.00,1,1200,0.18,-1,-1,-1,-1,-1,-1,-1,-1,-1,-1,-1,-1,-1,-1,1,1200,-1,-1,-1,-1,-1,-1,-1,-1
32,Argentina,42,La Pampa,56,Chapaleufu,42056,231750.00,129,32799,14.15,33,3891,1,40,11,1948,28,4106,-1,-1,62,10618,60,9176,19,2709,-1,-1,-1,-1,-1,-1,3,311
32,Argentina,42,La Pampa,63,Chical Co,42063,853088.00,-1,-1,-1.00,-1,-1,-1,-1,-1,-1,-1,-1,-1,-1,-1,-1,-1,-1,-1,-1,-1,-1,-1,-1,-1,-1,-1,-1
32,Argentina,42,La Pampa,70,Guatrache,42070,407373.10,35,21968,5.39,-1,-1,-1,-1,20,16247,7,1225,-1,-1,10,2161,1,50,11,1995,-1,-1,-1,-1,-1,-1,3,290
32,Argentina,42,La Pampa,77,Hucal,42077,529684.60,10,4324,0.82,-1,-1,-1,-1,7,2694,-1,-1,-1,-1,1,293,-1,-1,4,1237,-1,-1,-1,-1,-1,-1,1,100
32,Argentina,42,La Pampa,84,Lihuel Calel,42084,1030455.10,3,435,0.04,-1,-1,-1,-1,-1,-1,-1,-1,-1,-1,-1,-1,-1,-1,3,435,-1,-1,-1,-1,-1,-1,-1,-1
32,Argentina,42,La Pampa,91,Limay Mahuida,42091,726506.00,-1,-1,-1.00,-1,-1,-1,-1,-1,-1,-1,-1,-1,-1,-1,-1,-1,-1,-1,-1,-1,-1,-1,-1,-1,-1,-1,-1
32,Argentina,42,La Pampa,98,Loventue,42098,1014885.40,10,4563,0.45,-1,-1,1,60,1,2000,-1,-1,-1,-1,-1,-1,-1,-1,10,2503,-1,-1,-1,-1,-1,-1,-1,-1
32,Argentina,42,La Pampa,105,Maraco,42105,242099.50,77,40437,16.70,39,7174,2,507,10,2065,40,10736,-1,-1,44,7835,27,4975,16,4899,-1,-1,-1,-1,-1,-1,2,2246
32,Argentina,42,La Pampa,112,Puelen,42112,1094656.90,2,1165,0.11,2,420,-1,-1,1,400,-1,-1,-1,-1,1,150,1,195,-1,-1,-1,-1,-1,-1,-1,-1,-1,-1
32,Argentina,42,La Pampa,119,Quemu Quemu,42119,255333.50,82,21801,8.54,23,2381,-1,-1,7,1222,44,8261,-1,-1,25,4332,13,1945,29,3460,-1,-1,-1,-1,-1,-1,1,200
32,Argentina,42,La Pampa,126,Rancul,42126,395009.00,33,13261.5,3.36,16,2444.5,-1,-1,8,1365,13,6425,-1,-1,7,1596,3,457,7,774,-1,-1,-1,-1,-1,-1,1,200
32,Argentina,42,La Pampa,133,Realico,42133,245348.70,70,11111,4.53,23,1176,1,88,14,1413,16,1744,-1,-1,19,3476,15,1725,25,1429,-1,-1,-1,-1,-1,-1,2,60
32,Argentina,42,La Pampa,140,Toay,42140,412903.30,8,2412,0.58,1,183,-1,-1,3,795,3,545,-1,-1,1,50,-1,-1,3,839,-1,-1,-1,-1,-1,-1,-1,-1
32,Argentina,42,La Pampa,147,Trenel,42147,203262.50,23,2720,1.34,4,155,-1,-1,4,270,5,392,-1,-1,3,259,7,429,8,1215,-1,-1,-1,-1,-1,-1,-1,-1
32,Argentina,42,La Pampa,154,Utracan,42154,1357599.20,4,800,0.06,1,50,-1,-1,-1,-1,2,570,-1,-1,-1,-1,-1,-1,1,150,-1,-1,-1,-1,-1,-1,1,30
32,Argentina,46,La Rioja,7,Arauco,46007,18212.80,-1,-1,-1.00,-1,-1,-1,-1,-1,-1,-1,-1,-1,-1,-1,-1,-1,-1,-1,-1,-1,-1,-1,-1,-1,-1,-1,-1
32,Argentina,46,La Rioja,14,Capital,46014,623126.70,3,55,0.01,-1,-1,-1,-1,-1,-1,-1,-1,-1,-1,-1,-1,-1,-1,-1,-1,-1,-1,1,25,-1,-1,2,30
32,Argentina,46,La Rioja,21,Castro Barros,46021,6159.50,2,3,0.05,-1,-1,-1,-1,-1,-1,-1,-1,-1,-1,-1,-1,-1,-1,2,3,-1,-1,-1,-1,-1,-1,-1,-1
32,Argentina,46,La Rioja,28,Coronel Felipe Varela,46028,7176.00,4,3.6,0.05,-1,-1,-1,-1,-1,-1,-1,-1,-1,-1,-1,-1,-1,-1,1,2,-1,-1,-1,-1,-1,-1,3,1.6
32,Argentina,46,La Rioja,35,Chamical,46035,387142.30,1,40,0.01,-1,-1,-1,-1,-1,-1,-1,-1,-1,-1,-1,-1,-1,-1,-1,-1,-1,-1,-1,-1,-1,-1,1,40
32,Argentina,46,La Rioja,42,Chilecito,46042,74204.00,1,10,0.01,-1,-1,-1,-1,-1,-1,-1,-1,-1,-1,-1,-1,-1,-1,-1,-1,-1,-1,-1,-1,-1,-1,1,10
32,Argentina,46,La Rioja,49,Famatina,46049,4219.10,8,8.6,0.20,-1,-1,-1,-1,1,0.5,-1,-1,-1,-1,-1,-1,-1,-1,6,6.6,-1,-1,-1,-1,-1,-1,1,1.5
32,Argentina,46,La Rioja,56,General Angel V. Penaloza,46056,192677.50,-1,-1,-1.00,-1,-1,-1,-1,-1,-1,-1,-1,-1,-1,-1,-1,-1,-1,-1,-1,-1,-1,-1,-1,-1,-1,-1,-1
32,Argentina,46,La Rioja,63,General Belgrano,46063,216877.50,1,15,0.01,-1,-1,-1,-1,-1,-1,-1,-1,-1,-1,-1,-1,-1,-1,1,15,-1,-1,-1,-1,-1,-1,-1,-1
32,Argentina,46,La Rioja,70,General Juan F. Quiroga,46070,213775.50,-1,-1,-1.00,-1,-1,-1,-1,-1,-1,-1,-1,-1,-1,-1,-1,-1,-1,-1,-1,-1,-1,-1,-1,-1,-1,-1,-1
32,Argentina,46,La Rioja,77,General Lamadrid,46077,4625.90,1,8,0.17,-1,-1,-1,-1,1,8,-1,-1,-1,-1,-1,-1,-1,-1,-1,-1,-1,-1,-1,-1,-1,-1,-1,-1
32,Argentina,46,La Rioja,84,General Ocampo,46084,311262.90,-1,-1,-1.00,-1,-1,-1,-1,-1,-1,-1,-1,-1,-1,-1,-1,-1,-1,-1,-1,-1,-1,-1,-1,-1,-1,-1,-1
32,Argentina,46,La Rioja,91,General San Martin,46091,347545.60,-1,-1,-1.00,-1,-1,-1,-1,-1,-1,-1,-1,-1,-1,-1,-1,-1,-1,-1,-1,-1,-1,-1,-1,-1,-1,-1,-1
32,Argentina,46,La Rioja,98,Vinchina,46098,57841.40,-1,-1,-1.00,-1,-1,-1,-1,-1,-1,-1,-1,-1,-1,-1,-1,-1,-1,-1,-1,-1,-1,-1,-1,-1,-1,-1,-1
32,Argentina,46,La Rioja,105,Independencia,46105,99897.80,-1,-1,-1.00,-1,-1,-1,-1,-1,-1,-1,-1,-1,-1,-1,-1,-1,-1,-1,-1,-1,-1,-1,-1,-1,-1,-1,-1
32,Argentina,46,La Rioja,112,Rosario Vera Penaloza,46112,497347.30,-1,-1,-1.00,-1,-1,-1,-1,-1,-1,-1,-1,-1,-1,-1,-1,-1,-1,-1,-1,-1,-1,-1,-1,-1,-1,-1,-1
32,Argentina,46,La Rioja,119,San Blas De Los Sauces,46119,6712.60,70,137.1,2.04,66,97.7,-1,-1,2,1.5,-1,-1,-1,-1,-1,-1,-1,-1,39,36.9,-1,-1,-1,-1,-1,-1,2,1
32,Argentina,46,La Rioja,126,Sanagasta,46126,692.60,-1,-1,-1.00,-1,-1,-1,-1,-1,-1,-1,-1,-1,-1,-1,-1,-1,-1,-1,-1,-1,-1,-1,-1,-1,-1,-1,-1
32,Argentina,50,Mendoza,7,Capital,50007,1.70,-1,-1,-1.00,-1,-1,-1,-1,-1,-1,-1,-1,-1,-1,-1,-1,-1,-1,-1,-1,-1,-1,-1,-1,-1,-1,-1,-1
32,Argentina,50,Mendoza,14,General Alvear,50014,1065206.10,3,36.5,0.00,-1,-1,-1,-1,-1,-1,-1,-1,-1,-1,-1,-1,-1,-1,-1,-1,-1,-1,-1,-1,-1,-1,-1,-1
32,Argentina,50,Mendoza,21,Godoy Cruz,50021,-1.00,-1,-1,-1.00,-1,-1,-1,-1,-1,-1,-1,-1,-1,-1,-1,-1,-1,-1,-1,-1,-1,-1,-1,-1,-1,-1,-1,-1
32,Argentina,50,Mendoza,28,Guaymallen,50028,8251.90,1,2.5,0.03,-1,-1,-1,-1,-1,-1,-1,-1,-1,-1,-1,-1,-1,-1,-1,-1,-1,-1,-1,-1,-1,-1,-1,-1
32,Argentina,50,Mendoza,35,Junin,50035,20322.80,1,2,0.01,-1,-1,-1,-1,-1,-1,-1,-1,-1,-1,-1,-1,-1,-1,-1,-1,-1,-1,-1,-1,-1,-1,-1,-1
32,Argentina,50,Mendoza,42,La Paz,50042,705309.60,-1,-1,-1.00,-1,-1,-1,-1,-1,-1,-1,-1,-1,-1,-1,-1,-1,-1,-1,-1,-1,-1,-1,-1,-1,-1,-1,-1
32,Argentina,50,Mendoza,49,Las Heras,50049,164971.80,-1,-1,-1.00,-1,-1,-1,-1,-1,-1,-1,-1,-1,-1,-1,-1,-1,-1,-1,-1,-1,-1,-1,-1,-1,-1,-1,-1
32,Argentina,50,Mendoza,56,Lavalle,50056,138483.80,-1,-1,-1.00,-1,-1,-1,-1,-1,-1,-1,-1,-1,-1,-1,-1,-1,-1,-1,-1,-1,-1,-1,-1,-1,-1,-1,-1
32,Argentina,50,Mendoza,63,Lujan De Cuyo,50063,60454.30,36,390.9,0.65,-1,-1,-1,-1,-1,-1,-1,-1,-1,-1,-1,-1,-1,-1,-1,-1,-1,-1,-1,-1,-1,-1,-1,-1
32,Argentina,50,Mendoza,70,Maipu,50070,39934.10,4,11.6,0.03,-1,-1,-1,-1,-1,-1,-1,-1,-1,-1,-1,-1,-1,-1,-1,-1,-1,-1,-1,-1,-1,-1,-1,-1
32,Argentina,50,Mendoza,77,Malargue,50077,732459.10,2,51.5,0.01,-1,-1,-1,-1,-1,-1,-1,-1,-1,-1,-1,-1,-1,-1,-1,-1,-1,-1,-1,-1,-1,-1,-1,-1
32,Argentina,50,Mendoza,84,Rivadavia,50084,182756.20,-1,-1,-1.00,-1,-1,-1,-1,-1,-1,-1,-1,-1,-1,-1,-1,-1,-1,-1,-1,-1,-1,-1,-1,-1,-1,-1,-1
32,Argentina,50,Mendoza,91,San Carlos,50091,651960.70,11,93.2,0.01,-1,-1,-1,-1,-1,-1,-1,-1,-1,-1,-1,-1,-1,-1,-1,-1,-1,-1,-1,-1,-1,-1,-1,-1
32,Argentina,50,Mendoza,98,San Martin,50098,66928.30,-1,-1,-1.00,-1,-1,-1,-1,-1,-1,-1,-1,-1,-1,-1,-1,-1,-1,-1,-1,-1,-1,-1,-1,-1,-1,-1,-1
32,Argentina,50,Mendoza,105,San Rafael,50105,1593433.40,45,925.8,0.06,-1,-1,-1,-1,-1,-1,-1,-1,-1,-1,-1,-1,-1,-1,-1,-1,-1,-1,-1,-1,-1,-1,-1,-1
32,Argentina,50,Mendoza,112,Santa Rosa,50112,581706.80,4,30,0.01,-1,-1,-1,-1,-1,-1,-1,-1,-1,-1,-1,-1,-1,-1,-1,-1,-1,-1,-1,-1,-1,-1,-1,-1
32,Argentina,50,Mendoza,119,Tunuyan,50119,223092.30,-1,-1,-1.00,-1,-1,-1,-1,-1,-1,-1,-1,-1,-1,-1,-1,-1,-1,-1,-1,-1,-1,-1,-1,-1,-1,-1,-1
32,Argentina,50,Mendoza,126,Tupungato,50126,186857.40,5,67,0.04,-1,-1,-1,-1,-1,-1,-1,-1,-1,-1,-1,-1,-1,-1,-1,-1,-1,-1,-1,-1,-1,-1,-1,-1
32,Argentina,54,Misiones,7,Apostoles,54007,108516.00,9,10.7,0.01,6,5.7,-1,-1,-1,-1,-1,-1,-1,-1,-1,-1,-1,-1,3,5,-1,-1,-1,-1,-1,-1,-1,-1
32,Argentina,54,Misiones,14,Cainguas,54014,42365.90,102,163.2,0.39,88,136.7,-1,-1,-1,-1,-1,-1,3,5,-1,-1,-1,-1,10,17,-1,-1,-1,-1,-1,-1,4,4.5
32,Argentina,54,Misiones,21,Candelaria,54021,47064.40,6,9,0.02,5,7,-1,-1,-1,-1,-1,-1,1,2,-1,-1,-1,-1,-1,-1,-1,-1,-1,-1,-1,-1,-1,-1
32,Argentina,54,Misiones,28,Capital,54028,62677.50,3,3,0.00,2,1,-1,-1,-1,-1,-1,-1,-1,-1,-1,-1,-1,-1,1,2,-1,-1,-1,-1,-1,-1,-1,-1
32,Argentina,54,Misiones,35,Concepcion,54035,126032.90,-1,-1,-1.00,-1,-1,-1,-1,-1,-1,-1,-1,-1,-1,-1,-1,-1,-1,-1,-1,-1,-1,-1,-1,-1,-1,-1,-1
32,Argentina,54,Misiones,42,Eldorado,54042,178348.00,-1,-1,-1.00,-1,-1,-1,-1,-1,-1,-1,-1,-1,-1,-1,-1,-1,-1,-1,-1,-1,-1,-1,-1,-1,-1,-1,-1
32,Argentina,54,Misiones,49,General Manuel Belgrano,54049,132916.10,82,323.3,0.24,81,318.5,-1,-1,-1,-1,-1,-1,-1,-1,-1,-1,-1,-1,-1,-1,4,4.8,-1,-1,-1,-1,-1,-1
32,Argentina,54,Misiones,56,Guarani,54056,306319.80,321,1282.7,0.42,204,435.5,-1,-1,-1,-1,-1,-1,5,7,-1,-1,-1,-1,148,403,2,3,-1,-1,-1,-1,120,434.2
32,Argentina,54,Misiones,63,Iguazu,54063,79807.30,5,181,0.23,2,4.5,-1,-1,-1,-1,-1,-1,-1,-1,-1,-1,-1,-1,2,7.5,-1,-1,-1,-1,-1,-1,1,169
32,Argentina,54,Misiones,70,Leandro N. Alem,54070,105004.90,14,28,0.03,11,21,-1,-1,-1,-1,-1,-1,2,2,-1,-1,-1,-1,2,3,-1,-1,-1,-1,-1,-1,3,2
32,Argentina,54,Misiones,77,Libertador General San Martin,54077,123182.20,-1,-1,-1.00,-1,-1,-1,-1,-1,-1,-1,-1,-1,-1,-1,-1,-1,-1,-1,-1,-1,-1,-1,-1,-1,-1,-1,-1
32,Argentina,54,Misiones,84,Montecarlo,54084,127303.40,-1,-1,-1.00,-1,-1,-1,-1,-1,-1,-1,-1,-1,-1,-1,-1,-1,-1,-1,-1,-1,-1,-1,-1,-1,-1,-1,-1
32,Argentina,54,Misiones,91,Obera,54091,108311.30,38,48.8,0.05,5,3.6,-1,-1,-1,-1,-1,-1,1,1,-1,-1,-1,-1,30,41.7,-1,-1,-1,-1,-1,-1,4,2.5
32,Argentina,54,Misiones,98,San Ignacio,54098,49338.50,155,348,0.71,152,313,1,1,-1,-1,-1,-1,-1,-1,-1,-1,-1,-1,2,6.5,-1,-1,-1,-1,-1,-1,11,27.5
32,Argentina,54,Misiones,105,San Javier,54105,286334.30,12,53,0.02,11,39,-1,-1,-1,-1,-1,-1,6,11,-1,-1,-1,-1,1,3,-1,-1,-1,-1,-1,-1,-1,-1
32,Argentina,54,Misiones,112,San Pedro,54112,83548.60,411,1462.8,1.75,405,979.9,-1,-1,-1,-1,-1,-1,2,1.5,-1,-1,-1,-1,7,409,30,16.9,-1,-1,-1,-1,79,55.5
32,Argentina,54,Misiones,119,25 De  Mayo,54119,100733.70,26,72,0.07,25,66,-1,-1,-1,-1,-1,-1,1,2,-1,-1,-1,-1,1,2,-1,-1,-1,-1,-1,-1,2,2
32,Argentina,58,Neuquen,7,Alumine,58007,131900.70,-1,-1,-1.00,-1,-1,-1,-1,-1,-1,-1,-1,-1,-1,-1,-1,-1,-1,-1,-1,-1,-1,-1,-1,-1,-1,-1,-1
32,Argentina,58,Neuquen,14,Anelo,58014,32271.30,-1,-1,-1.00,-1,-1,-1,-1,-1,-1,-1,-1,-1,-1,-1,-1,-1,-1,-1,-1,-1,-1,-1,-1,-1,-1,-1,-1
32,Argentina,58,Neuquen,21,Catan Lil,58021,216053.60,-1,-1,-1.00,-1,-1,-1,-1,-1,-1,-1,-1,-1,-1,-1,-1,-1,-1,-1,-1,-1,-1,-1,-1,-1,-1,-1,-1
32,Argentina,58,Neuquen,28,Collon Cura,58028,258846.20,-1,-1,-1.00,-1,-1,-1,-1,-1,-1,-1,-1,-1,-1,-1,-1,-1,-1,-1,-1,-1,-1,-1,-1,-1,-1,-1,-1
32,Argentina,58,Neuquen,35,Confluencia,58035,152166.30,-1,-1,-1.00,-1,-1,-1,-1,-1,-1,-1,-1,-1,-1,-1,-1,-1,-1,-1,-1,-1,-1,-1,-1,-1,-1,-1,-1
32,Argentina,58,Neuquen,42,Chos  Malal,58042,109843.10,-1,-1,-1.00,-1,-1,-1,-1,-1,-1,-1,-1,-1,-1,-1,-1,-1,-1,-1,-1,-1,-1,-1,-1,-1,-1,-1,-1
32,Argentina,58,Neuquen,49,Huiliches,58049,156663.60,-1,-1,-1.00,-1,-1,-1,-1,-1,-1,-1,-1,-1,-1,-1,-1,-1,-1,-1,-1,-1,-1,-1,-1,-1,-1,-1,-1
32,Argentina,58,Neuquen,56,Lacar,58056,363781.10,-1,-1,-1.00,-1,-1,-1,-1,-1,-1,-1,-1,-1,-1,-1,-1,-1,-1,-1,-1,-1,-1,-1,-1,-1,-1,-1,-1
32,Argentina,58,Neuquen,63,Loncopue,58063,124232.40,-1,-1,-1.00,-1,-1,-1,-1,-1,-1,-1,-1,-1,-1,-1,-1,-1,-1,-1,-1,-1,-1,-1,-1,-1,-1,-1,-1
32,Argentina,58,Neuquen,70,Los Lagos,58070,27532.30,-1,-1,-1.00,-1,-1,-1,-1,-1,-1,-1,-1,-1,-1,-1,-1,-1,-1,-1,-1,-1,-1,-1,-1,-1,-1,-1,-1
32,Argentina,58,Neuquen,77,Minas,58077,88506.60,-1,-1,-1.00,-1,-1,-1,-1,-1,-1,-1,-1,-1,-1,-1,-1,-1,-1,-1,-1,-1,-1,-1,-1,-1,-1,-1,-1
32,Argentina,58,Neuquen,84,Norquin,58084,165299.00,-1,-1,-1.00,-1,-1,-1,-1,-1,-1,-1,-1,-1,-1,-1,-1,-1,-1,-1,-1,-1,-1,-1,-1,-1,-1,-1,-1
32,Argentina,58,Neuquen,91,Pehuenches,58091,20021.90,-1,-1,-1.00,-1,-1,-1,-1,-1,-1,-1,-1,-1,-1,-1,-1,-1,-1,-1,-1,-1,-1,-1,-1,-1,-1,-1,-1
32,Argentina,58,Neuquen,98,Picun Leufu,58098,24103.70,-1,-1,-1.00,-1,-1,-1,-1,-1,-1,-1,-1,-1,-1,-1,-1,-1,-1,-1,-1,-1,-1,-1,-1,-1,-1,-1,-1
32,Argentina,58,Neuquen,105,Picunches,58105,161591.80,-1,-1,-1.00,-1,-1,-1,-1,-1,-1,-1,-1,-1,-1,-1,-1,-1,-1,-1,-1,-1,-1,-1,-1,-1,-1,-1,-1
32,Argentina,58,Neuquen,112,Zapala,58112,112886.10,-1,-1,-1.00,-1,-1,-1,-1,-1,-1,-1,-1,-1,-1,-1,-1,-1,-1,-1,-1,-1,-1,-1,-1,-1,-1,-1,-1
32,Argentina,62,Rio Negro,7,Adolfo Alsina,62007,698121.00,-1,-1,-1.00,-1,-1,-1,-1,-1,-1,-1,-1,-1,-1,-1,-1,-1,-1,-1,-1,-1,-1,-1,-1,-1,-1,-1,-1
32,Argentina,62,Rio Negro,14,Avellaneda,62014,1843279.00,-1,-1,-1.00,-1,-1,-1,-1,-1,-1,-1,-1,-1,-1,-1,-1,-1,-1,-1,-1,-1,-1,-1,-1,-1,-1,-1,-1
32,Argentina,62,Rio Negro,21,Bariloche,62021,229782.50,-1,-1,-1.00,-1,-1,-1,-1,-1,-1,-1,-1,-1,-1,-1,-1,-1,-1,-1,-1,-1,-1,-1,-1,-1,-1,-1,-1
32,Argentina,62,Rio Negro,28,Conesa,62028,901437.60,-1,-1,-1.00,-1,-1,-1,-1,-1,-1,-1,-1,-1,-1,-1,-1,-1,-1,-1,-1,-1,-1,-1,-1,-1,-1,-1,-1
32,Argentina,62,Rio Negro,35,El Cuy,62035,1394799.30,-1,-1,-1.00,-1,-1,-1,-1,-1,-1,-1,-1,-1,-1,-1,-1,-1,-1,-1,-1,-1,-1,-1,-1,-1,-1,-1,-1
32,Argentina,62,Rio Negro,42,General Roca,62042,670522.70,-1,-1,-1.00,-1,-1,-1,-1,-1,-1,-1,-1,-1,-1,-1,-1,-1,-1,-1,-1,-1,-1,-1,-1,-1,-1,-1,-1
32,Argentina,62,Rio Negro,49,9 De Julio,62049,1279786.00,-1,-1,-1.00,-1,-1,-1,-1,-1,-1,-1,-1,-1,-1,-1,-1,-1,-1,-1,-1,-1,-1,-1,-1,-1,-1,-1,-1
32,Argentina,62,Rio Negro,56,Norquinco,62056,475736.40,-1,-1,-1.00,-1,-1,-1,-1,-1,-1,-1,-1,-1,-1,-1,-1,-1,-1,-1,-1,-1,-1,-1,-1,-1,-1,-1,-1
32,Argentina,62,Rio Negro,63,Pichi Mahuida,62063,1542556.20,-1,-1,-1.00,-1,-1,-1,-1,-1,-1,-1,-1,-1,-1,-1,-1,-1,-1,-1,-1,-1,-1,-1,-1,-1,-1,-1,-1
32,Argentina,62,Rio Negro,70,Pilcaniyeu,62070,779992.20,-1,-1,-1.00,-1,-1,-1,-1,-1,-1,-1,-1,-1,-1,-1,-1,-1,-1,-1,-1,-1,-1,-1,-1,-1,-1,-1,-1
32,Argentina,62,Rio Negro,77,San Antonio,62077,935732.00,-1,-1,-1.00,-1,-1,-1,-1,-1,-1,-1,-1,-1,-1,-1,-1,-1,-1,-1,-1,-1,-1,-1,-1,-1,-1,-1,-1
32,Argentina,62,Rio Negro,84,Valcheta,62084,1487474.80,-1,-1,-1.00,-1,-1,-1,-1,-1,-1,-1,-1,-1,-1,-1,-1,-1,-1,-1,-1,-1,-1,-1,-1,-1,-1,-1,-1
32,Argentina,62,Rio Negro,91,25 De Mayo,62091,2477250.00,-1,-1,-1.00,-1,-1,-1,-1,-1,-1,-1,-1,-1,-1,-1,-1,-1,-1,-1,-1,-1,-1,-1,-1,-1,-1,-1,-1
32,Argentina,66,Salta,7,Anta,66007,1065854.70,92,269154.4,25.25,38,23078.8,1,90,31,55494.4,-1,-1,80,170498.9,-1,-1,-1,-1,12,1122,-1,-1,1,421,12,5327.3,19,13122
32,Argentina,66,Salta,14,Cachi,66014,28263.60,-1,-1,-1.00,-1,-1,-1,-1,-1,-1,-1,-1,-1,-1,-1,-1,-1,-1,-1,-1,-1,-1,-1,-1,-1,-1,-1,-1
32,Argentina,66,Salta,21,Cafayate,66021,107649.40,-1,-1,-1.00,-1,-1,-1,-1,-1,-1,-1,-1,-1,-1,-1,-1,-1,-1,-1,-1,-1,-1,-1,-1,-1,-1,-1,-1
32,Argentina,66,Salta,28,Capital,66028,58197.00,4,1122,1.93,1,100,-1,-1,-1,-1,-1,-1,-1,-1,-1,-1,-1,-1,4,70,-1,-1,-1,-1,4,952,-1,-1
32,Argentina,66,Salta,35,Cerrillos,66035,35252.00,9,716,2.03,1,200,1,60,-1,-1,-1,-1,-1,-1,-1,-1,-1,-1,4,109,-1,-1,-1,-1,4,320,3,27
32,Argentina,66,Salta,42,Chicoana,66042,57763.10,1,50,0.09,-1,-1,-1,-1,-1,-1,-1,-1,-1,-1,-1,-1,-1,-1,1,-1,-1,-1,-1,-1,1,50,-1,-1
32,Argentina,66,Salta,49,General Guemes,66049,173083.50,9,4295,2.48,4,745,2,520,-1,-1,-1,-1,-1,-1,-1,-1,-1,-1,6,250,-1,-1,-1,-1,6,2750,1,30
32,Argentina,66,Salta,56,General Jose De San Martin,66056,484151.30,76,46341.8,9.57,51,1011.8,1,40,1,100,-1,-1,18,24215,-1,-1,-1,-1,19,2300,-1,-1,-1,-1,19,18263,3,412
32,Argentina,66,Salta,63,Guachipas,66063,237098.90,-1,-1,-1.00,-1,-1,-1,-1,-1,-1,-1,-1,-1,-1,-1,-1,-1,-1,-1,-1,-1,-1,-1,-1,-1,-1,-1,-1
32,Argentina,66,Salta,70,Iruya,66070,217.30,-1,-1,-1.00,-1,-1,-1,-1,-1,-1,-1,-1,-1,-1,-1,-1,-1,-1,-1,-1,-1,-1,-1,-1,-1,-1,-1,-1
32,Argentina,66,Salta,77,La Caldera,66077,98774.90,1,15,0.02,-1,-1,-1,-1,-1,-1,-1,-1,-1,-1,-1,-1,-1,-1,-1,15,-1,-1,-1,-1,-1,-1,-1,-1
32,Argentina,66,Salta,84,La Candelaria,66084,107367.20,11,3577,3.33,4,910,-1,-1,1,50,-1,-1,1,240,-1,-1,-1,-1,7,5,-1,-1,-1,-1,7,2372,-1,-1
32,Argentina,66,Salta,91,La Poma,66091,117469.70,-1,-1,-1.00,-1,-1,-1,-1,-1,-1,-1,-1,-1,-1,-1,-1,-1,-1,-1,-1,-1,-1,-1,-1,-1,-1,-1,-1
32,Argentina,66,Salta,98,La Vina,66098,122344.30,-1,-1,-1.00,-1,-1,-1,-1,-1,-1,-1,-1,-1,-1,-1,-1,-1,-1,-1,-1,-1,-1,-1,-1,-1,-1,-1,-1
32,Argentina,66,Salta,105,Los Andes,66105,-1.00,-1,-1,-1.00,-1,-1,-1,-1,-1,-1,-1,-1,-1,-1,-1,-1,-1,-1,-1,-1,-1,-1,-1,-1,-1,-1,-1,-1
32,Argentina,66,Salta,112,Metan,66112,282217.10,92,50863.5,18.02,26,5340,1,70,16,3691,-1,-1,74,38215,-1,-1,-1,-1,14,362,-1,-1,-1,-1,14,2985.5,1,200
32,Argentina,66,Salta,119,Molinos,66119,401347.00,1,5,0.00,-1,-1,-1,-1,-1,-1,-1,-1,-1,-1,-1,-1,-1,-1,1,-1,-1,-1,-1,-1,1,5,-1,-1
32,Argentina,66,Salta,126,Oran,66126,94809.70,12,11473,12.10,-1,-1,-1,-1,1,199,-1,-1,3,1895,-1,-1,-1,-1,9,-1,-1,-1,-1,-1,9,9379,-1,-1
32,Argentina,66,Salta,133,Rivadavia,66133,222813.50,77,399.5,0.18,-1,-1,-1,-1,-1,-1,-1,-1,-1,-1,-1,-1,-1,-1,-1,397.5,-1,-1,-1,-1,-1,-1,1,2
32,Argentina,66,Salta,140,Rosario De La Frontera,66140,339971.70,68,41369,12.17,25,4734,-1,-1,6,1536,-1,-1,50,31753,-1,-1,-1,-1,25,106,-1,-1,-1,-1,25,3240,-1,-1
32,Argentina,66,Salta,147,Rosario De Lerma,66147,57097.70,3,82,0.14,-1,-1,-1,-1,-1,-1,-1,-1,-1,-1,-1,-1,-1,-1,-1,80,-1,-1,-1,-1,-1,-1,1,2
32,Argentina,66,Salta,154,San Carlos,66154,176079.90,-1,-1,-1.00,-1,-1,-1,-1,-1,-1,-1,-1,-1,-1,-1,-1,-1,-1,-1,-1,-1,-1,-1,-1,-1,-1,-1,-1
32,Argentina,66,Salta,161,Santa Victoria,66161,1675.70,1,0.2,0.01,1,0.2,-1,-1,-1,-1,-1,-1,-1,-1,-1,-1,-1,-1,-1,-1,-1,-1,-1,-1,-1,-1,-1,-1
32,Argentina,70,San Juan,7,Albardon,70007,6834.30,-1,-1,-1.00,-1,-1,-1,-1,-1,-1,-1,-1,-1,-1,-1,-1,-1,-1,-1,-1,-1,-1,-1,-1,-1,-1,-1,-1
32,Argentina,70,San Juan,14,Angaco,70014,10798.90,-1,-1,-1.00,-1,-1,-1,-1,-1,-1,-1,-1,-1,-1,-1,-1,-1,-1,-1,-1,-1,-1,-1,-1,-1,-1,-1,-1
32,Argentina,70,San Juan,21,Calingasta,70021,10106.40,-1,-1,-1.00,-1,-1,-1,-1,-1,-1,-1,-1,-1,-1,-1,-1,-1,-1,-1,-1,-1,-1,-1,-1,-1,-1,-1,-1
32,Argentina,70,San Juan,28,Capital,70028,-1.00,-1,-1,-1.00,-1,-1,-1,-1,-1,-1,-1,-1,-1,-1,-1,-1,-1,-1,-1,-1,-1,-1,-1,-1,-1,-1,-1,-1
32,Argentina,70,San Juan,35,Caucete,70035,139573.20,2,10.5,0.01,-1,-1,-1,-1,-1,-1,-1,-1,-1,-1,-1,-1,-1,-1,-1,-1,-1,-1,-1,-1,-1,-1,-1,-1
32,Argentina,70,San Juan,42,Chimbas,70042,1538.00,-1,-1,-1.00,-1,-1,-1,-1,-1,-1,-1,-1,-1,-1,-1,-1,-1,-1,-1,-1,-1,-1,-1,-1,-1,-1,-1,-1
32,Argentina,70,San Juan,49,Iglesia,70049,7213.50,-1,-1,-1.00,-1,-1,-1,-1,-1,-1,-1,-1,-1,-1,-1,-1,-1,-1,-1,-1,-1,-1,-1,-1,-1,-1,-1,-1
32,Argentina,70,San Juan,56,Jachal,70056,18265.30,-1,-1,-1.00,-1,-1,-1,-1,-1,-1,-1,-1,-1,-1,-1,-1,-1,-1,-1,-1,-1,-1,-1,-1,-1,-1,-1,-1
32,Argentina,70,San Juan,63,9 De Julio,70063,8537.30,-1,-1,-1.00,-1,-1,-1,-1,-1,-1,-1,-1,-1,-1,-1,-1,-1,-1,-1,-1,-1,-1,-1,-1,-1,-1,-1,-1
32,Argentina,70,San Juan,70,Pocito,70070,35328.00,-1,-1,-1.00,-1,-1,-1,-1,-1,-1,-1,-1,-1,-1,-1,-1,-1,-1,-1,-1,-1,-1,-1,-1,-1,-1,-1,-1
32,Argentina,70,San Juan,77,Rawson,70077,13132.60,-1,-1,-1.00,-1,-1,-1,-1,-1,-1,-1,-1,-1,-1,-1,-1,-1,-1,-1,-1,-1,-1,-1,-1,-1,-1,-1,-1
32,Argentina,70,San Juan,84,Rivadavia,70084,1734.20,-1,-1,-1.00,-1,-1,-1,-1,-1,-1,-1,-1,-1,-1,-1,-1,-1,-1,-1,-1,-1,-1,-1,-1,-1,-1,-1,-1
32,Argentina,70,San Juan,91,San Martin,70091,10238.40,19,27.5,0.27,-1,-1,-1,-1,-1,-1,-1,-1,-1,-1,-1,-1,-1,-1,-1,-1,-1,-1,-1,-1,-1,-1,-1,-1
32,Argentina,70,San Juan,98,Santa Lucia,70098,4548.50,36,44.5,0.98,-1,-1,-1,-1,-1,-1,-1,-1,-1,-1,-1,-1,-1,-1,-1,-1,-1,-1,-1,-1,-1,-1,-1,-1
32,Argentina,70,San Juan,105,Sarmiento,70105,82656.70,-1,-1,-1.00,-1,-1,-1,-1,-1,-1,-1,-1,-1,-1,-1,-1,-1,-1,-1,-1,-1,-1,-1,-1,-1,-1,-1,-1
32,Argentina,70,San Juan,112,Ullum,70112,6303.50,53,61.5,0.98,-1,-1,-1,-1,-1,-1,-1,-1,-1,-1,-1,-1,-1,-1,-1,-1,-1,-1,-1,-1,-1,-1,-1,-1
32,Argentina,70,San Juan,119,Valle Fertil,70119,177072.30,70,78.5,0.04,-1,-1,-1,-1,-1,-1,-1,-1,-1,-1,-1,-1,-1,-1,-1,-1,-1,-1,-1,-1,-1,-1,-1,-1
32,Argentina,70,San Juan,126,25 De Mayo,70126,104799.20,-1,-1,-1.00,-1,-1,-1,-1,-1,-1,-1,-1,-1,-1,-1,-1,-1,-1,-1,-1,-1,-1,-1,-1,-1,-1,-1,-1
32,Argentina,70,San Juan,133,Zonda,70133,117544.30,-1,-1,-1.00,-1,-1,-1,-1,-1,-1,-1,-1,-1,-1,-1,-1,-1,-1,-1,-1,-1,-1,-1,-1,-1,-1,-1,-1
32,Argentina,74,San Luis,7,Ayacucho,74007,506925.50,1,650,0.13,1,70,-1,-1,1,290,-1,290,-1,-1,1,290,-1,-1,-1,-1,-1,-1,-1,-1,-1,-1,-1,-1
32,Argentina,74,San Luis,14,Belgrano,74014,428343.60,-1,-1,-1.00,-1,-1,-1,-1,-1,-1,-1,-1,-1,-1,-1,-1,-1,-1,-1,-1,-1,-1,-1,-1,-1,-1,-1,-1
32,Argentina,74,San Luis,21,Coronel Pringles,74021,301784.00,30,11096,3.68,18,3633,1,10,-1,-1,-1,4803,-1,-1,20,4803,-1,-1,6,2589,-1,-1,-1,-1,-1,-1,1,61
32,Argentina,74,San Luis,28,Chacabuco,74028,205908.50,23,16109,7.82,17,11805,1,875,-1,-1,340,2624,-1,-1,14,2624,-1,-1,4,465,-1,-1,-1,-1,-1,-1,-1,-1
32,Argentina,74,San Luis,35,General Pedernera,74035,937196.70,129,157680.5,16.82,63,14045,8,2031,9,2818,42838.5,28351,-1,-1,79,28351,3,230,32,66545,-1,-1,-1,-1,-1,-1,4,822
32,Argentina,74,San Luis,42,Gobernador Dupuy,74042,1638928.20,25,12332,0.75,5,1087,4,594,1,120,4060,280,-1,-1,2,280,-1,-1,11,5521,-1,-1,-1,-1,-1,-1,2,670
32,Argentina,74,San Luis,49,Junin,74049,131552.60,7,2782,2.11,2,901,-1,-1,-1,-1,450,1080,-1,-1,4,1080,-1,-1,2,300,-1,-1,-1,-1,-1,-1,1,51
32,Argentina,74,San Luis,56,Juan Martin De Pueyrredon,74056,1038462.50,1,2580,0.25,1,500,-1,-1,-1,-1,800,400,-1,-1,1,400,-1,-1,1,80,-1,-1,-1,-1,-1,-1,1,800
32,Argentina,74,San Luis,63,Libertador General San Martin,74063,199286.00,1,300,0.15,-1,-1,-1,-1,-1,-1,-1,300,-1,-1,1,300,-1,-1,-1,-1,-1,-1,-1,-1,-1,-1,-1,-1
32,Argentina,78,Santa Cruz,7,Corpen Aike,78007,2410530.00,-1,-1,-1.00,-1,-1,-1,-1,-1,-1,-1,-1,-1,-1,-1,-1,-1,-1,-1,-1,-1,-1,-1,-1,-1,-1,-1,-1
32,Argentina,78,Santa Cruz,14,Deseado,78014,5680968.00,-1,-1,-1.00,-1,-1,-1,-1,-1,-1,-1,-1,-1,-1,-1,-1,-1,-1,-1,-1,-1,-1,-1,-1,-1,-1,-1,-1
32,Argentina,78,Santa Cruz,21,Guer Aike,78021,3298078.30,-1,-1,-1.00,-1,-1,-1,-1,-1,-1,-1,-1,-1,-1,-1,-1,-1,-1,-1,-1,-1,-1,-1,-1,-1,-1,-1,-1
32,Argentina,78,Santa Cruz,28,Lago Argentino,78028,2579550.00,-1,-1,-1.00,-1,-1,-1,-1,-1,-1,-1,-1,-1,-1,-1,-1,-1,-1,-1,-1,-1,-1,-1,-1,-1,-1,-1,-1
32,Argentina,78,Santa Cruz,35,Lago Buenos Aires,78035,1659113.90,-1,-1,-1.00,-1,-1,-1,-1,-1,-1,-1,-1,-1,-1,-1,-1,-1,-1,-1,-1,-1,-1,-1,-1,-1,-1,-1,-1
32,Argentina,78,Santa Cruz,42,Magallanes,78042,1847667.00,-1,-1,-1.00,-1,-1,-1,-1,-1,-1,-1,-1,-1,-1,-1,-1,-1,-1,-1,-1,-1,-1,-1,-1,-1,-1,-1,-1
32,Argentina,78,Santa Cruz,49,Rio Chico,78049,2408303.00,-1,-1,-1.00,-1,-1,-1,-1,-1,-1,-1,-1,-1,-1,-1,-1,-1,-1,-1,-1,-1,-1,-1,-1,-1,-1,-1,-1
32,Argentina,82,Santa Fe,7,Belgrano,82007,226552.30,837,182013,80.34,315,19073,30,1133,422,33239.5,1,20,-1,-1,728,84973.5,502,39095.5,61,4458.5,-1,-1,-1,-1,-1,-1,1,20
32,Argentina,82,Santa Fe,14,Caseros,82014,340304.30,1805,279871.3,82.24,586,26826.4,50,1247.5,881,55064.5,-1,-1,-1,-1,1403,126133,1070,66257.4,63,2366.5,-1,-1,-1,-1,-1,-1,46,1976
32,Argentina,82,Santa Fe,21,Castellanos,82021,656992.50,1418,341150.9,51.93,228,10736.5,183,6863,636,97817.5,11,810,-1,-1,662,76689.7,706,104610.8,730,43176.9,-1,-1,-1,-1,-1,-1,17,446.5
32,Argentina,82,Santa Fe,28,Constitucion,82028,269216.60,1235,189824.6,70.51,340,13124,60,1495,537,34215.6,3,141,-1,-1,919,81826.4,809,52305.1,40,1557.5,-1,-1,-1,-1,-1,-1,105,5160
32,Argentina,82,Santa Fe,35,Garay,82035,287088.30,6,2025,0.71,4,395,-1,-1,-1,-1,-1,-1,-1,-1,3,800,3,830,-1,-1,-1,-1,-1,-1,-1,-1,-1,-1
32,Argentina,82,Santa Fe,42,General Lopez,82042,1022796.50,2020,635178,62.10,946,138509.5,18,801,912,135416.8,18,2014.2,-1,-1,1398,188757,1192,151236,145,17067.5,-1,-1,-1,-1,-1,-1,27,1371
32,Argentina,82,Santa Fe,49,General Obligado,82049,1003385.90,313,54662.4,5.45,32,1838.5,30,1361,64,9673,54,4171.5,-1,-1,174,16824.5,162,20571.2,12,201.7,-1,-1,-1,-1,-1,-1,3,21
32,Argentina,82,Santa Fe,56,Iriondo,82056,297855.20,1227,242036.2,81.26,479,23299.1,59,1339,709,48272.6,1,30,-1,-1,1025,105315.4,833,56513.9,116,7016.2,-1,-1,-1,-1,-1,-1,7,250
32,Argentina,82,Santa Fe,63,La Capital,82063,236208.80,228,51854,21.95,32,2044,30,1585,87,12147,21,2097,-1,-1,106,13993,107,14339.5,90,5532.5,-1,-1,-1,-1,-1,-1,3,116
32,Argentina,82,Santa Fe,70,Las Colonias,82070,606454.30,1233,219403.1,36.18,185,12172.5,107,5094.5,495,52166.5,15,727,-1,-1,534,56230.2,575,59387.5,544,33209.9,-1,-1,-1,-1,-1,-1,9,415
32,Argentina,82,Santa Fe,77,9 De Julio,82077,1207562.00,142,91172,7.55,19,3991,33,3098,72,29786,9,665,-1,-1,85,39063,23,10181,36,4059,-1,-1,-1,-1,-1,-1,5,329
32,Argentina,82,Santa Fe,84,Rosario,82084,144360.60,759,107056.1,74.16,152,6679.5,29,1140.5,353,19926.6,1,98,-1,-1,645,46089,424,28046.5,20,1325,-1,-1,-1,-1,-1,-1,71,3751
32,Argentina,82,Santa Fe,91,San Cristobal,82091,1340934.70,683,151911.6,11.33,142,12538.5,170,11462.5,119,25017,29,4285,-1,-1,149,34872.5,134,23276,462,38877.1,-1,-1,-1,-1,-1,-1,16,1583
32,Argentina,82,Santa Fe,98,San Javier,82098,541762.70,54,12551.5,2.32,3,225,7,294.5,12,1824,2,98,-1,-1,35,6365,16,2584.4,5,150.6,-1,-1,-1,-1,-1,-1,4,1010
32,Argentina,82,Santa Fe,105,San Jeronimo,82105,331062.60,966,221712.8,66.97,174,9308.2,121,4297.3,566,56550,7,227,-1,-1,725,79495.6,673,63825.5,127,7872.2,-1,-1,-1,-1,-1,-1,6,137
32,Argentina,82,Santa Fe,112,San Justo,82112,518569.20,371,106070.5,20.45,74,6346,95,6696,118,14729.5,24,1847.5,-1,-1,271,60059,105,11528,65,4814.5,-1,-1,-1,-1,-1,-1,2,50
32,Argentina,82,Santa Fe,119,San Lorenzo,82119,166735.90,678,143474.1,86.05,152,9044.5,28,728.5,385,31391.2,-1,-1,-1,-1,547,66973,448,34376.9,19,621,-1,-1,-1,-1,-1,-1,7,339
32,Argentina,82,Santa Fe,126,San Martin,82126,444960.00,1233,401948.5,90.33,254,19638.3,57,2356.5,863,111862.9,1,50,-1,-1,953,125334.8,946,117301.4,236,25193.6,-1,-1,-1,-1,-1,-1,7,211
32,Argentina,82,Santa Fe,133,Vera,82133,1608850.80,103,37770,2.35,14,894,15,1596,30,4718,19,3423,-1,-1,79,21076,27,4695,7,1363,-1,-1,-1,-1,-1,-1,1,5
32,Argentina,86,Santiago Del Estero,7,Aguirre,86007,252711.00,17,7810,3.09,6,900,4,1190,4,1480,-1,-1,9,2575,-1,-1,-1,-1,3,1065,-1,-1,1,450,-1,-1,1,150
32,Argentina,86,Santiago Del Estero,14,Alberdi,86014,504914.50,23,41430,8.21,3,1100,1,160,5,4260,-1,-1,22,27290,-1,-1,-1,-1,-1,-1,-1,-1,1,8000,1,80,1,540
32,Argentina,86,Santiago Del Estero,21,Atamisqui,86021,11278.90,1,220,1.95,-1,-1,-1,-1,-1,-1,-1,-1,-1,-1,-1,-1,-1,-1,1,220,-1,-1,-1,-1,-1,-1,-1,-1
32,Argentina,86,Santiago Del Estero,28,Avellaneda,86028,57963.90,3,215.5,0.37,1,0.5,-1,-1,-1,-1,-1,-1,1,100,-1,-1,-1,-1,-1,-1,-1,-1,1,115,-1,-1,-1,-1
32,Argentina,86,Santiago Del Estero,35,Banda,86035,87807.70,20,1003.5,1.14,1,2,-1,-1,-1,-1,-1,-1,-1,-1,-1,-1,-1,-1,10,941,-1,-1,16,58.5,-1,-1,2,2
32,Argentina,86,Santiago Del Estero,42,Belgrano,86042,284799.00,120,115366,40.51,25,5913,25,4487,74,41069,-1,-1,94,60697,-1,-1,-1,-1,26,2840,-1,-1,-1,-1,-1,-1,3,360
32,Argentina,86,Santiago Del Estero,49,Capital,86049,86272.00,2,800,0.93,-1,-1,-1,-1,1,300,-1,-1,1,300,-1,-1,-1,-1,1,200,-1,-1,-1,-1,-1,-1,-1,-1
32,Argentina,86,Santiago Del Estero,56,Copo,86056,230492.00,9,1950,0.85,3,950,-1,-1,-1,-1,-1,-1,6,1000,-1,-1,-1,-1,-1,-1,-1,-1,-1,-1,-1,-1,-1,-1
32,Argentina,86,Santiago Del Estero,63,Choya,86063,295982.70,4,222,0.08,-1,-1,-1,-1,-1,-1,-1,-1,1,100,-1,-1,-1,-1,2,7,-1,-1,-1,-1,2,100,1,15
32,Argentina,86,Santiago Del Estero,70,Figueroa,86070,52780.70,-1,-1,-1.00,-1,-1,-1,-1,-1,-1,-1,-1,-1,-1,-1,-1,-1,-1,-1,-1,-1,-1,-1,-1,-1,-1,-1,-1
32,Argentina,86,Santiago Del Estero,77,General Taboada,86077,358699.50,192,147506.5,41.12,40,7773,41,6866,104,47582,-1,-1,159,75506,-1,-1,-1,-1,22,5401.5,-1,-1,13,2143,2,225,9,2010
32,Argentina,86,Santiago Del Estero,84,Guasayan,86084,148500.00,13,6151,4.14,6,873,2,247,-1,-1,-1,-1,7,3107,-1,-1,-1,-1,3,787,-1,-1,-1,-1,7,1137,-1,-1
32,Argentina,86,Santiago Del Estero,91,Jimenez,86091,233196.90,84,48432,20.77,52,5350,3,594,9,2080,-1,-1,43,30104,-1,-1,-1,-1,8,1404,-1,-1,-1,-1,1,200,2,8700
32,Argentina,86,Santiago Del Estero,98,Juan F. Ibarra,86098,384527.50,62,47361,12.32,7,2109,7,1005,25,13444,-1,-1,48,28409,-1,-1,-1,-1,5,1456,-1,-1,4,328,-1,-1,3,610
32,Argentina,86,Santiago Del Estero,105,Loreto,86105,13417.00,1,0.5,0.00,1,0.5,-1,-1,-1,-1,-1,-1,-1,-1,-1,-1,-1,-1,-1,-1,-1,-1,-1,-1,-1,-1,-1,-1
32,Argentina,86,Santiago Del Estero,112,Mitre,86112,116810.00,2,3700,3.17,-1,-1,-1,-1,1,1500,-1,-1,2,2200,-1,-1,-1,-1,-1,-1,-1,-1,-1,-1,-1,-1,-1,-1
32,Argentina,86,Santiago Del Estero,119,Moreno,86119,1169051.50,96,161201,13.79,20,10804,9,2503,18,16664,-1,-1,76,99408,-1,-1,-1,-1,16,14575,-1,-1,13,15692,1,45,6,1510
32,Argentina,86,Santiago Del Estero,126,Ojo De Agua,86126,276596.00,6,651,0.24,-1,-1,-1,-1,2,270,-1,-1,1,70,-1,-1,-1,-1,4,311,-1,-1,-1,-1,-1,-1,-1,-1
32,Argentina,86,Santiago Del Estero,133,Pellegrini,86133,206125.20,28,14776,7.17,11,1056,-1,-1,2,420,-1,-1,22,11492,-1,-1,-1,-1,3,658,-1,-1,-1,-1,2,850,1,300
32,Argentina,86,Santiago Del Estero,140,Quebrachos,86140,235922.50,3,503,0.21,1,2,-1,-1,-1,-1,-1,-1,-1,-1,-1,-1,-1,-1,2,501,-1,-1,-1,-1,-1,-1,-1,-1
32,Argentina,86,Santiago Del Estero,147,Rio Hondo,86147,18664.70,7,2451.5,13.13,6,151.5,-1,-1,-1,-1,-1,-1,2,700,-1,-1,-1,-1,1,1500,-1,-1,-1,-1,1,100,-1,-1
32,Argentina,86,Santiago Del Estero,154,Rivadavia,86154,142449.50,199,47489,33.34,78,5367,17,686,64,10724,-1,-1,122,27174,-1,-1,-1,-1,62,3538,-1,-1,-1,-1,-1,-1,-1,-1
32,Argentina,86,Santiago Del Estero,161,Robles,86161,81845.90,28,1820,2.22,18,365,-1,-1,2,432,-1,-1,3,891,-1,-1,-1,-1,2,9,-1,-1,6,73,-1,-1,2,50
32,Argentina,86,Santiago Del Estero,168,Salavina,86168,38330.80,-1,-1,-1.00,-1,-1,-1,-1,-1,-1,-1,-1,-1,-1,-1,-1,-1,-1,-1,-1,-1,-1,-1,-1,-1,-1,-1,-1
32,Argentina,86,Santiago Del Estero,175,San Martin,86175,32388.80,3,775,2.39,-1,-1,-1,-1,2,240,-1,-1,2,535,-1,-1,-1,-1,-1,-1,-1,-1,-1,-1,-1,-1,-1,-1
32,Argentina,86,Santiago Del Estero,182,Sarmiento,86182,28780.30,-1,-1,-1.00,-1,-1,-1,-1,-1,-1,-1,-1,-1,-1,-1,-1,-1,-1,-1,-1,-1,-1,-1,-1,-1,-1,-1,-1
32,Argentina,86,Santiago Del Estero,189,Silpica,86189,43324.80,4,877,2.02,1,50,-1,-1,1,150,-1,-1,1,200,-1,-1,-1,-1,4,477,-1,-1,-1,-1,-1,-1,-1,-1
32,Argentina,94,Tierra Del Fuego,7,Rio Grande,94007,1069059.00,-1,-1,-1.00,-1,-1,-1,-1,-1,-1,-1,-1,-1,-1,-1,-1,-1,-1,-1,-1,-1,-1,-1,-1,-1,-1,-1,-1
32,Argentina,94,Tierra Del Fuego,14,Ushuaia,94014,102688.10,-1,-1,-1.00,-1,-1,-1,-1,-1,-1,-1,-1,-1,-1,-1,-1,-1,-1,-1,-1,-1,-1,-1,-1,-1,-1,-1,-1
32,Argentina,90,Tucuman,7,Burruyacu,90007,352336.90,-1,-1,-1.00,-1,-1,-1,-1,-1,-1,-1,-1,-1,-1,-1,-1,-1,-1,-1,-1,-1,-1,-1,-1,-1,-1,-1,-1
32,Argentina,90,Tucuman,14,Cruz Alta,90014,79417.40,-1,-1,-1.00,-1,-1,-1,-1,-1,-1,-1,-1,-1,-1,-1,-1,-1,-1,-1,-1,-1,-1,-1,-1,-1,-1,-1,-1
32,Argentina,90,Tucuman,21,Chicligasta,90021,25994.70,-1,-1,-1.00,-1,-1,-1,-1,-1,-1,-1,-1,-1,-1,-1,-1,-1,-1,-1,-1,-1,-1,-1,-1,-1,-1,-1,-1
32,Argentina,90,Tucuman,28,Famailla,90028,49628.60,-1,-1,-1.00,-1,-1,-1,-1,-1,-1,-1,-1,-1,-1,-1,-1,-1,-1,-1,-1,-1,-1,-1,-1,-1,-1,-1,-1
32,Argentina,90,Tucuman,35,Graneros,90035,62489.90,-1,-1,-1.00,-1,-1,-1,-1,-1,-1,-1,-1,-1,-1,-1,-1,-1,-1,-1,-1,-1,-1,-1,-1,-1,-1,-1,-1
32,Argentina,90,Tucuman,42,Juan B. Alberdi,90042,34086.40,-1,-1,-1.00,-1,-1,-1,-1,-1,-1,-1,-1,-1,-1,-1,-1,-1,-1,-1,-1,-1,-1,-1,-1,-1,-1,-1,-1
32,Argentina,90,Tucuman,49,La Cocha,90049,47325.10,-1,-1,-1.00,-1,-1,-1,-1,-1,-1,-1,-1,-1,-1,-1,-1,-1,-1,-1,-1,-1,-1,-1,-1,-1,-1,-1,-1
32,Argentina,90,Tucuman,56,Leales,90056,116323.00,-1,-1,-1.00,-1,-1,-1,-1,-1,-1,-1,-1,-1,-1,-1,-1,-1,-1,-1,-1,-1,-1,-1,-1,-1,-1,-1,-1
32,Argentina,90,Tucuman,63,Lules,90063,12204.90,-1,-1,-1.00,-1,-1,-1,-1,-1,-1,-1,-1,-1,-1,-1,-1,-1,-1,-1,-1,-1,-1,-1,-1,-1,-1,-1,-1
32,Argentina,90,Tucuman,70,Monteros,90070,34872.60,-1,-1,-1.00,-1,-1,-1,-1,-1,-1,-1,-1,-1,-1,-1,-1,-1,-1,-1,-1,-1,-1,-1,-1,-1,-1,-1,-1
32,Argentina,90,Tucuman,77,Rio Chico,90077,22121.00,-1,-1,-1.00,-1,-1,-1,-1,-1,-1,-1,-1,-1,-1,-1,-1,-1,-1,-1,-1,-1,-1,-1,-1,-1,-1,-1,-1
32,Argentina,90,Tucuman,84,Capital,90084,934.90,-1,-1,-1.00,-1,-1,-1,-1,-1,-1,-1,-1,-1,-1,-1,-1,-1,-1,-1,-1,-1,-1,-1,-1,-1,-1,-1,-1
32,Argentina,90,Tucuman,91,Simoca,90091,74763.80,-1,-1,-1.00,-1,-1,-1,-1,-1,-1,-1,-1,-1,-1,-1,-1,-1,-1,-1,-1,-1,-1,-1,-1,-1,-1,-1,-1
32,Argentina,90,Tucuman,98,Tafi Del Valle,90098,53761.70,-1,-1,-1.00,-1,-1,-1,-1,-1,-1,-1,-1,-1,-1,-1,-1,-1,-1,-1,-1,-1,-1,-1,-1,-1,-1,-1,-1
32,Argentina,90,Tucuman,105,Tafi Viejo,90105,26002.50,-1,-1,-1.00,-1,-1,-1,-1,-1,-1,-1,-1,-1,-1,-1,-1,-1,-1,-1,-1,-1,-1,-1,-1,-1,-1,-1,-1
32,Argentina,90,Tucuman,112,Trancas,90112,142197.80,-1,-1,-1.00,-1,-1,-1,-1,-1,-1,-1,-1,-1,-1,-1,-1,-1,-1,-1,-1,-1,-1,-1,-1,-1,-1,-1,-1
32,Argentina,90,Tucuman,119,Yerba Buena,90119,2656.00,-1,-1,-1.00,-1,-1,-1,-1,-1,-1,-1,-1,-1,-1,-1,-1,-1,-1,-1,-1,-1,-1,-1,-1,-1,-1,-1,-1
